{
  "string": [
    {
      "name": "module_desc",
      "value": "模块描述"
    },
    {
      "name": "ClockAbility_desc",
      "value": "description"
    },
    {
      "name": "ClockAbility_label",
      "value": "my_clock"
    },{
      "name": "page_title",
      "value": "闹钟"
    },{
      "name": "add_alarm",
      "value": "添加一个新的闹钟"
    },{
      "name": "input_alarm_time",
      "value": "输入闹钟时间"
    },{
      "name": "alarm_time_reached",
      "value": "闹钟已到时"
    },
    {
      "name": "write_success_msg",
      "value": "创建闹钟成功!"
    },
    {
      "name": "empty",
      "value": "empty"
    },
    {
      "name": "time_text",
      "value": "时间 Time"
    },
    {
      "name": "time_placeholder",
      "value": "13:00"
    },
    {
      "name": "matter_text",
      "value": "事件 Matter"
    },
    {
      "name": "matter_placeholder",
      "value": "睡午觉"
    },
    {
      "name": "write_data_btn_text",
      "value": "Write DB"
    },
    {
      "name": "read_data_btn_text",
      "value": "Read DB"
    },
    {
      "name": "delete_data_file_btn_text",
      "value": "Delete DB File"
    },
    {
      "name": "delete_success_msg",
      "value": "删除闹钟成功!"
    },
    {
      "name": "data_is_null_msg",
      "value": "Data is empty, please write data first!"
    },
    {
      "name": "read_success_msg",
      "value": "Read data successfully!"
    },
    {
      "name": "clock_input_null_msg",
      "value": "Clock time or clock matter is empty, please write data first!"
    }
  ]
}