{
  "string": [
    {
      "name": "module_desc",
      "value": "模块描述"
    },
    {
      "name": "DaysmatterAbility_desc",
      "value": "description"
    },
    {
      "name": "DaysmatterAbility_label",
      "value": "label"
    },
    {
      "name": "pull_up_load_text",
      "value": "正在加载..."
    },
    {
      "name": "pull_down_refresh_text",
      "value": "The drop-down refresh"
    },
    {
      "name": "release_refresh_text",
      "value": "释放刷新"
    },
    {
      "name": "refreshing_text",
      "value": "正在刷新..."
    },
    {
      "name": "refresh_success_text",
      "value": "刷新成功！"
    },
    {
      "name": "refresh_fail_text",
      "value": "刷新失败！"
    },
    {
      "name": "http_error_message",
      "value": "网络请求错误，请稍后再试!"
    },
    {
      "name": "page_none_msg",
      "value": "网络加载错误..."
    },
    {
      "name": "prompt_message",
      "value": "没有更多数据了"
    },
    {
      "name": "dependency_reason",
      "value": "Used to initiate network data requests."
    }
  ]
}