{
  "string": [
    {
      "name": "module_desc",
      "value": "模块描述"
    },
    {
      "name": "WeatherAbility_desc",
      "value": "description"
    },
    {
      "name": "WeatherAbility_label",
      "value": "label"
    },
    {
      "name": "http_error_message",
      "value": "网络请求失败，请稍后再试!"
    },
    {
      "name": "request_button_name",
      "value": "查询"
    },
    {
      "name": "input_address",
      "value": "请输入地址"
    },
    {
      "name": "request_success",
      "value": "查询成功！"
    },
    {
      "name": "http_response_error",
      "value": "查询失败，请检查网络连接."
    },
    {
      "name": "reason",
      "value": "连接到网络."
    }
  ]
}