{"APP_RESOURCES":"E:\\HarmonyOSprojects\\myTime\\AppScope\\resources","MODULE_RESOURCES":"{\"E:\\\\HarmonyOSprojects\\\\myTime\\\\app\\\\entry\\\\src\\\\main\\\\resources\":\"module_compiled\"}","HAR_RESOURCES":"{\"E:\\\\HarmonyOSprojects\\\\myTime\\\\features\\\\clock\\\\src\\\\main\\\\resources\":\"har_compiled\",\"E:\\\\HarmonyOSprojects\\\\myTime\\\\features\\\\daysmatter\\\\src\\\\main\\\\resources\":\"har_compiled1\",\"E:\\\\HarmonyOSprojects\\\\myTime\\\\features\\\\weather\\\\src\\\\main\\\\resources\":\"har_compiled2\"}","PREVIEW_GENERATE_SOURCE_DIR":"E:\\HarmonyOSprojects\\myTime\\app\\entry\\.preview\\default\\generated\\r\\default","PREVIEW_COMPILE_MODULE_NAMES":"entry,clock,daysmatter,weather"}
