{"CACHE_SYNC_FILE_HASH":{"E:\\HarmonyOSprojects\\myTime\\app\\entry\\oh-package.json5":"30015d093b84c19733ff2e4b145a3a88f8f2f48a43ecda66425d68a5dd5ea2da","E:\\HarmonyOSprojects\\myTime\\features\\clock\\hvigorfile.ts":"c9cc414e51c6197ea51993be2e42978c1f4328956ff52cbfbd8ac0b3eab74bfe","E:\\HarmonyOSprojects\\myTime\\features\\weather\\oh-package.json5":"a90354a6ac59ce02d348f7e54cf292b728c434ddc421c0578441aec0b4fa797b","E:\\HarmonyOSprojects\\myTime\\app\\entry\\hvigorfile.ts":"c8f9e88553fd1e56ba4d0663db338669c666bd68bdd73040eba78f11172a616b","E:\\HarmonyOSprojects\\myTime\\app\\entry\\build-profile.json5":"a593a80bfea37cd61af79dd9c5dcfcde7797e7fbfce24cb6ac3ef5c562bdf421","SDK_LOCATION":"E:/devecostudio-windows-5.0.3.906/DevEco Studio/sdk","E:\\HarmonyOSprojects\\myTime\\build-profile.json5":"d866cdc953c7500a8028b80f14bc274988fa3f49b3080a70add29314bbeccea0","E:\\HarmonyOSprojects\\myTime\\features\\clock\\build-profile.json5":"c708b2c3d87a7453771e7d150ff0feb5b3f4faea7f897d1ec6f3f38b3d53013f","E:\\HarmonyOSprojects\\myTime\\features\\daysmatter\\hvigorfile.ts":"83bc32e79ed06ae33857ddd824002b255c879c6c4df6268872b33791cec1120d","E:\\HarmonyOSprojects\\myTime\\.hvigor\\outputs\\sync\\output.json":"39f0868dd3e31c3565ae1fed993bb8eaf83ab92e41fffbe6bc641aa4196f4ceb","E:\\HarmonyOSprojects\\myTime\\hvigorfile.ts":"cfdf8a2a25f758644e877ac73793ab766d846b23c22ba721459f26f490776fe5","E:\\HarmonyOSprojects\\myTime\\hvigor\\hvigor-config.json5":"1bd97aa4ae7517727f88772cdc1bae41874366bba181232bcf23eb4c5c6afdad","E:\\HarmonyOSprojects\\myTime\\oh-package.json5":"d368b820511c282facf99610410e58e679ea89b6cc153215b0cd989a4c12dbe0","E:\\HarmonyOSprojects\\myTime\\features\\clock\\oh-package.json5":"5354407e1254760fb9132ed9225746a0be4f9105ffc9bd5dc70729aab40cef22","E:\\HarmonyOSprojects\\myTime\\features\\daysmatter\\build-profile.json5":"c17bf11ba5b99bb6caa62080cb206f8059d1e6729b7a0c25fb073c3ec834a71f","E:\\HarmonyOSprojects\\myTime\\features\\weather\\build-profile.json5":"2e6cf396c405e2d821e2cd6e4fff5e3bba8a4fe7fa08bcff34ff5a850973d65b","E:\\HarmonyOSprojects\\myTime\\features\\daysmatter\\oh-package.json5":"71f15ab0d41b9ea7588ecfd8420ec2c6a289c096cfbfc2b985e6a460172b6358","E:\\HarmonyOSprojects\\myTime\\features\\weather\\hvigorfile.ts":"f465da33211e7457050f8707c00b732ed162272e6ba0d8cdf8285b41c6828d55"},"OHPM_INSTALL_FILE_HASH":{"E:\\HarmonyOSprojects\\myTime\\app\\entry\\oh_modules":true,"E:\\HarmonyOSprojects\\myTime\\app\\entry\\oh-package.json5":"30015d093b84c19733ff2e4b145a3a88f8f2f48a43ecda66425d68a5dd5ea2da","E:\\HarmonyOSprojects\\myTime\\oh-package.json5":"d368b820511c282facf99610410e58e679ea89b6cc153215b0cd989a4c12dbe0","E:\\HarmonyOSprojects\\myTime\\features\\clock\\oh-package.json5":"5354407e1254760fb9132ed9225746a0be4f9105ffc9bd5dc70729aab40cef22","E:\\HarmonyOSprojects\\myTime\\features\\weather\\oh-package.json5":"a90354a6ac59ce02d348f7e54cf292b728c434ddc421c0578441aec0b4fa797b","E:\\HarmonyOSprojects\\myTime\\features\\weather\\oh_modules":false,"E:\\HarmonyOSprojects\\myTime\\features\\daysmatter\\oh_modules":false,"E:\\HarmonyOSprojects\\myTime\\features\\clock\\oh_modules":false,"E:\\HarmonyOSprojects\\myTime\\features\\daysmatter\\oh-package.json5":"71f15ab0d41b9ea7588ecfd8420ec2c6a289c096cfbfc2b985e6a460172b6358","E:\\HarmonyOSprojects\\myTime\\oh_modules":true}}