{
  "entry|entry|1.0.0|src/main/ets/entryability/EntryAbility.ts": {
    "version": 3,
    "file": "EntryAbility.ets",
    "sourceRoot": "",
    "sources": [
      "app/entry/src/main/ets/entryability/EntryAbility.ets"
    ],
    "names": [],
    "mappings": ";;;;;;AAKA,MAAM,CAAC,OAAO,OAAO,YAAa,SAAQ,SAAS;IACjD,QAAQ,CAAC,IAAI,EAAE,IAAI,EAAE,WAAW,EAAE,eAAe,CAAC,WAAW,GAAG,IAAI;QAClE,KAAK,CAAC,IAAI,CAAC,MAAM,EAAE,SAAS,EAAE,YAAY,EAAE,kBAAkB,CAAC,CAAC;IAClE,CAAC;IAED,SAAS,IAAI,IAAI;QACf,KAAK,CAAC,IAAI,CAAC,MAAM,EAAE,SAAS,EAAE,YAAY,EAAE,mBAAmB,CAAC,CAAC;IACnE,CAAC;IAED,mBAAmB,CAAC,WAAW,EAAE,MAAM,CAAC,WAAW,GAAG,IAAI;QACxD,yDAAyD;QACzD,KAAK,CAAC,IAAI,CAAC,MAAM,EAAE,SAAS,EAAE,YAAY,EAAE,6BAA6B,CAAC,CAAC;QAC3E,iBAAiB,CAAC,WAAW,EAAE,IAAI,CAAC,OAAO,CAAC,CAAC;QAC7C,WAAW,CAAC,WAAW,CAAC,aAAa,EAAE,CAAC,GAAG,EAAE,IAAI,EAAE,EAAE;YACnD,IAAI,GAAG,CAAC,IAAI,EAAE;gBACZ,KAAK,CAAC,KAAK,CAAC,MAAM,EAAE,SAAS,EAAE,+CAA+C,EAAE,IAAI,CAAC,SAAS,CAAC,GAAG,CAAC,IAAI,EAAE,CAAC,CAAC;gBAC3G,OAAO;aACR;YACD,KAAK,CAAC,IAAI,CAAC,MAAM,EAAE,SAAS,EAAE,oDAAoD,EAAE,IAAI,CAAC,SAAS,CAAC,IAAI,CAAC,IAAI,EAAE,CAAC,CAAC;QAClH,CAAC,CAAC,CAAC;IACL,CAAC;IAED,oBAAoB,IAAI,IAAI;QAC1B,yDAAyD;QACzD,KAAK,CAAC,IAAI,CAAC,MAAM,EAAE,SAAS,EAAE,YAAY,EAAE,8BAA8B,CAAC,CAAC;IAC9E,CAAC;IAED,YAAY,IAAI,IAAI;QAClB,oCAAoC;QACpC,KAAK,CAAC,IAAI,CAAC,MAAM,EAAE,SAAS,EAAE,YAAY,EAAE,sBAAsB,CAAC,CAAC;IACtE,CAAC;IAED,YAAY,IAAI,IAAI;QAClB,iCAAiC;QACjC,KAAK,CAAC,IAAI,CAAC,MAAM,EAAE,SAAS,EAAE,YAAY,EAAE,sBAAsB,CAAC,CAAC;IACtE,CAAC;CACF;AAED,SAAS,iBAAiB,CAAC,WAAW,EAAE,MAAM,CAAC,WAAW,EAAE,OAAO,EAAE,OAAO,GAAG,IAAI;IACjF,WAAW,CAAC,aAAa,CAAC,CAAC,GAAG,EAAE,aAAa,EAAE,IAAI,EAAE,MAAM,CAAC,MAAM,EAAE,EAAE;QACpE,IAAI,GAAG,CAAC,IAAI,EAAE;YACZ,OAAO;SACR;QACD,IAAI,WAAW,EAAE,MAAM,CAAC,MAAM,GAAG,IAAI,CAAC;QACtC,WAAW,CAAC,yBAAyB,CAAC,IAAI,CAAC,CAAC;IAC9C,CAAC,CAAC,CAAC;AACL,CAAC",
    "entry-package-info": "entry|1.0.0"
  },
  "entry|entry|1.0.0|src/main/ets/entrybackupability/EntryBackupAbility.ts": {
    "version": 3,
    "file": "EntryBackupAbility.ets",
    "sourceRoot": "",
    "sources": [
      "app/entry/src/main/ets/entrybackupability/EntryBackupAbility.ets"
    ],
    "names": [],
    "mappings": ";;;AAGA,MAAM,CAAC,OAAO,OAAO,kBAAmB,SAAQ,sBAAsB;IACpE,KAAK,CAAC,QAAQ;QACZ,KAAK,CAAC,IAAI,CAAC,MAAM,EAAE,SAAS,EAAE,aAAa,CAAC,CAAC;IAC/C,CAAC;IAED,KAAK,CAAC,SAAS,CAAC,aAAa,EAAE,aAAa;QAC1C,KAAK,CAAC,IAAI,CAAC,MAAM,EAAE,SAAS,EAAE,yBAAyB,EAAE,IAAI,CAAC,SAAS,CAAC,aAAa,CAAC,CAAC,CAAC;IAC1F,CAAC;CACF",
    "entry-package-info": "entry|1.0.0"
  },
  "entry|entry|1.0.0|src/main/ets/pages/Index.ts": {
    "version": 3,
    "file": "Index.ets",
    "sourceRoot": "",
    "sources": [
      "app/entry/src/main/ets/pages/Index.ets"
    ],
    "names": [],
    "mappings": ";;;;IAOS,YAAY,GAAE,MAAM;IACnB,cAAc,GAAE,cAAc;;OARjC,EAAC,KAAK,EAAC;OACP,EAAC,UAAU,EAAC;OACZ,EAAC,OAAO,EAAC;MAIT,KAAK;IAFZ;;;;;2DAGgC,CAAC;8BACU,IAAI,cAAc,EAAE;;;KAN/B;;;;;;;;;;;;;;;;;;;IAK9B,iDAAqB,MAAM,EAAK;QAAzB,YAAY;;;QAAZ,YAAY,WAAE,MAAM;;;IAC3B,OAAO,iBAAiB,cAAc,CAAwB;IAG9D,aAAa,CAAC,KAAK,EAAE,MAAM,EAAE,WAAW,EAAE,MAAM,EAAE,YAAY,EAAE,QAAQ,EAAE,YAAY,EAAE,QAAQ;;YAC9F,MAAM;;YAAN,MAAM,CAYL,KAAK,CAAC,MAAM;YAZb,MAAM,CAaL,MAAM,CAAC,MAAM;YAbd,MAAM,CAcL,cAAc,CAAC,SAAS,CAAC,MAAM;YAdhC,MAAM,CAeL,UAAU,CAAC,eAAe,CAAC,MAAM;YAflC,MAAM,CAgBL,OAAO,CAAC,GAAG,EAAE;gBACZ,IAAI,CAAC,YAAY,GAAG,WAAW,CAAC;gBAChC,IAAI,CAAC,cAAc,CAAC,WAAW,CAAC,WAAW,CAAC,CAAC;YAC/C,CAAC;;;YAlBC,KAAK,QAAC,IAAI,CAAC,YAAY,KAAK,WAAW,CAAC,CAAC,CAAC,YAAY,CAAC,CAAC,CAAC,YAAY;;YAArE,KAAK,CACF,KAAK,CAAC,EAAE;YADX,KAAK,CAEF,MAAM,CAAC,EAAE;;;YACZ,IAAI,QAAC,KAAK;;YAAV,IAAI,CACD,UAAU,CAAC,qBAAqB;YADnC,IAAI,CAED,QAAQ,CAAC,EAAE;YAFd,IAAI,CAGD,SAAS,CAAC,IAAI,CAAC,YAAY,KAAK,WAAW,CAAC,CAAC,CAAC,SAAS,CAAC,CAAC,CAAC,kBAAkB;YAH/E,IAAI,CAID,SAAS,CAAC,SAAS,CAAC,MAAM;YAJ7B,IAAI,CAKD,UAAU,CAAC,EAAE;YALhB,IAAI,CAMD,UAAU,CAAC,GAAG;;QANjB,IAAI;QAJN,MAAM;KAoBP;IAED;;YACE,IAAI,QAAC,EAAE,WAAW,EAAE,WAAW,CAAC,GAAG,EAAE,UAAU,EAAE,IAAI,CAAC,cAAc,EAAE;;YAAtE,IAAI,CAgBH,QAAQ,CAAC,KAAK;YAhBf,IAAI,CAiBH,OAAO,CAAC;gBACP,WAAW,EAAE,GAAG;gBAChB,KAAK,EAAE,WAAW;aACnB;YApBD,IAAI,CAqBH,UAAU,CAAC,KAAK;YArBjB,IAAI,CAsBH,eAAe,CAAC,SAAS;YAtB1B,IAAI,CAuBH,OAAO,CAAC,EAAE,GAAG,EAAE,EAAE,EAAE,MAAM,EAAE,EAAE,EAAE;;;;;;;oDArB5B,KAAK;;;;;;;;;;;;;uBAEN,MAAM;oBAAC,IAAI,CAAC,aAAa,YAAC,IAAI,EAAE,CAAC;;;;;;;;;;oDAGhC,UAAU;;;;;;;;;;;;;uBAEX,MAAM;oBAAC,IAAI,CAAC,aAAa,YAAC,MAAM,EAAE,CAAC;;;;;;;;;;oDAGlC,OAAO;;;;;;;;;;;;;uBAER,MAAM;oBAAC,IAAI,CAAC,aAAa,YAAC,MAAM,EAAE,CAAC;;;;;QAdtC,IAAI;KAwBL",
    "entry-package-info": "entry|1.0.0"
  },
  "entry|clock|1.0.0|Index.ts": {
    "version": 3,
    "file": "Index.ets",
    "sourceRoot": "",
    "sources": [
      "features/clock/Index.ets"
    ],
    "names": [],
    "mappings": "OAAO,EAAE,KAAK,EAAE",
    "entry-package-info": "entry|1.0.0",
    "package-info": "clock|1.0.0"
  },
  "entry|clock|1.0.0|src/main/ets/common/Constant.ts": {
    "version": 3,
    "file": "Constant.ets",
    "sourceRoot": "",
    "sources": [
      "features/clock/src/main/ets/common/Constant.ets"
    ],
    "names": [],
    "mappings": "AAAA;;GAEG;AACH,MAAM,CAAC,OAAO,OAAO,SAAS;IAC5B;;OAEG;IACH,MAAM,CAAC,QAAQ,CAAC,WAAW,EAAE,MAAM,GAAG,MAAM,CAAC;IAE7C;;OAEG;IACH,MAAM,CAAC,QAAQ,CAAC,WAAW,EAAE,MAAM,GAAG,KAAK,CAAC;IAE5C;;OAEG;IACH,MAAM,CAAC,QAAQ,CAAC,kBAAkB,EAAE,MAAM,GAAG,OAAO,CAAC;IAErD;;OAEG;IACH,MAAM,CAAC,QAAQ,CAAC,eAAe,EAAE,MAAM,GAAG,CAAC,CAAC;IAE5C;;OAEG;IACH,MAAM,CAAC,QAAQ,CAAC,iBAAiB,EAAE,MAAM,GAAG,GAAG,CAAC;IAEhD;;OAEG;IACH,MAAM,CAAC,QAAQ,CAAC,aAAa,EAAE,MAAM,GAAG,EAAE,CAAC;IAE3C;;OAEG;IACH,MAAM,CAAC,QAAQ,CAAC,WAAW,EAAE,MAAM,GAAG,GAAG,CAAC;IAE1C;;OAEG;IACH,MAAM,CAAC,QAAQ,CAAC,YAAY,EAAE,MAAM,GAAG,EAAE,CAAC;IAE1C,MAAM,CAAC,QAAQ,CAAC,YAAY,EAAE,MAAM,GAAG,KAAK,CAAC;IAE7C,MAAM,CAAC,QAAQ,CAAC,aAAa,EAAE,MAAM,GAAE,KAAK,CAAC;IAE7C;;OAEG;IACH,MAAM,CAAC,QAAQ,CAAC,SAAS,EAAE,KAAK,CAAC,MAAM,CAAC,GAAG;QACzC,WAAW;QACX,WAAW;QACX,YAAY;QACZ,eAAe;QACf,YAAY;KACb,CAAC;IAEF;;OAEG;IACH,MAAM,CAAC,QAAQ,EAAE,MAAM,GAAG,IAAI,CAAC;IAE/B;;OAEG;IACH,MAAM,CAAC,SAAS,EAAE,MAAM,GAAG,CAAC,CAAC;IAE7B;;OAEG;IACH,MAAM,CAAC,WAAW,EAAE,MAAM,GAAG,CAAC,CAAC;IAE/B;;OAEG;IACH,MAAM,CAAC,GAAG,GAAG,mBAAmB,CAAC;IAEjC;;OAEG;IACH,MAAM,CAAC,QAAQ,GAAG,OAAO,CAAC;IAE1B;;OAEG;IACH,MAAM,CAAC,gBAAgB,GAAG,UAAU,CAAC;CACtC",
    "entry-package-info": "entry|1.0.0",
    "package-info": "clock|1.0.0"
  },
  "entry|clock|1.0.0|src/main/ets/pages/Clock.ts": {
    "version": 3,
    "file": "Clock.ets",
    "sourceRoot": "",
    "sources": [
      "features/clock/src/main/ets/pages/Clock.ets"
    ],
    "names": [],
    "mappings": ";;;;IAqFS,KAAK,GAAC,SAAS;IACP,UAAU,GAAE,KAAK,CAAC,MAAM,CAAC;IAEhC,GAAG,GAAE,SAAS;IACd,WAAW,GAAE,gBAAgB,CAAC,MAAM,CAAC;;OAzFxC,SAAS;OACT,SAAS;OACT,SAAS;OACT,QAAQ;OACR,EAAE,iBAAiB,EAAE;OACrB,eAAe;;AAGtB,MAAM,MAAM;IACV,IAAI,EAAE,MAAM,GAAG,EAAE,CAAC;IAClB,KAAK,EAAC,SAAS,GAAC,IAAI,SAAS,EAAE,CAAC;IAChC,UAAU,EAAC,KAAK,CAAC,MAAM,CAAC,GAAG,EAAE,CAAC;IAC9B,YAAY,KAAK,EAAC,SAAS,EAAC,UAAU,EAAC,KAAK,CAAC,MAAM,CAAC;QAClD,IAAI,CAAC,KAAK,GAAC,KAAK,CAAC;QACjB,IAAI,CAAC,UAAU,GAAC,UAAU,CAAC;IAC7B,CAAC;CACF;AAED,SACS,SAAS,CAAC,MAAM,EAAE,MAAM;uBAAd,MAAM;iFAAN,MAAM;QACvB,MAAM;;QAAN,MAAM,CAwDJ,eAAe,CAAC,WAAW;QAxD7B,MAAM,CAyDL,YAAY,CAAC,IAAI;QAzDlB,MAAM,CA0DL,OAAO,CAAC,IAAI;QA1Db,MAAM,CA2DL,KAAK,CAAC,SAAS,CAAC,YAAY;QA3D7B,MAAM,CA4DL,MAAM,CAAC,MAAM;;;qFA7DG,MAAM;;;gBAErB,QAAQ;gBACR,QAAQ,yBAAC;oBACP,YAAY,0GAA4B;oBACxC,mBAAmB,0GAAmC;oBACtD,QAAQ,EAAE,SAAS,CAAC,SAAS;oBAC7B,KAAK,EAAE,MAAM,CAAC,KAAK;oBACnB,iBAAiB,EAAE,CAAC,KAAK,EAAE,MAAM,EAAE,EAAE;wBACnC,UAAU;wBACV,MAAM,CAAC,KAAK,CAAC,SAAS,GAAG,KAAK,CAAC,CAAC,oBAAoB;oBACtD,CAAC;iBACF;;;;wBARC,YAAY;wBACZ,mBAAmB;wBACnB,QAAQ,EAAE,SAAS,CAAC,SAAS;wBAC7B,KAAK,EAAE,MAAM,CAAC,KAAK;wBACnB,iBAAiB,EAAE,CAAC,KAAK,EAAE,MAAM,EAAE,EAAE;4BACnC,UAAU;4BACV,MAAM,CAAC,KAAK,CAAC,SAAS,GAAG,KAAK,CAAC,CAAC,oBAAoB;wBACtD,CAAC;;;;;;;;;;;qFAXY,MAAM;;;gBAcrB,QAAQ;gBACR,QAAQ,yBAAC;oBACP,YAAY,0GAA8B;oBAC1C,mBAAmB,0GAAqC;oBACxD,QAAQ,EAAE,SAAS,CAAC,WAAW;oBAC/B,KAAK,EAAE,MAAM,CAAC,KAAK;oBACnB,iBAAiB,EAAE,CAAC,KAAK,EAAE,MAAM,EAAE,EAAE;wBACnC,UAAU;wBACV,MAAM,CAAC,KAAK,CAAC,WAAW,GAAG,KAAK,CAAC,CAAC,sBAAsB;oBAC1D,CAAC;iBACF;;;;wBARC,YAAY;wBACZ,mBAAmB;wBACnB,QAAQ,EAAE,SAAS,CAAC,WAAW;wBAC/B,KAAK,EAAE,MAAM,CAAC,KAAK;wBACnB,iBAAiB,EAAE,CAAC,KAAK,EAAE,MAAM,EAAE,EAAE;4BACnC,UAAU;4BACV,MAAM,CAAC,KAAK,CAAC,WAAW,GAAG,KAAK,CAAC,CAAC,sBAAsB;wBAC1D,CAAC;;;;;;;;;;iFAvBY,MAAM;QA0BrB,SAAS;QACT,GAAG;;;iFA3BY,MAAM;QA4BnB,MAAM,iBAAC,IAAI;;QAAX,MAAM,CACH,OAAO,CAAC,KAAK,IAAI,EAAE;YAClB,IAAG,MAAM,CAAC,KAAK,CAAC,SAAS,EAAC;gBACxB,MAAM,SAAS,GAAG,IAAI,SAAS,EAAE,CAAC;gBAClC,SAAS,CAAC,SAAS,GAAG,MAAM,CAAC,KAAK,CAAC,SAAS,CAAC;gBAC7C,SAAS,CAAC,WAAW,GAAG,MAAM,CAAC,KAAK,CAAC,WAAW,CAAC;gBAEjD,gBAAgB;gBAChB,MAAM,CAAC,UAAU,CAAC,IAAI,CAAC,GAAG,SAAS,CAAC,SAAS,IAAI,SAAS,CAAC,WAAW,EAAE,CAAC,CAAC;gBAC1E,OAAO;gBACP,MAAM,eAAe,CAAC,SAAS,CAAC,SAAS,CAAC,CAAC;gBAE3C,OAAO;gBACP,MAAM,CAAC,KAAK,CAAC,SAAS,GAAC,EAAE,CAAC;gBAC1B,MAAM,CAAC,KAAK,CAAC,WAAW,GAAE,EAAE,CAAC;gBAC7B,iBAAiB,CAAC,WAAW,CAAC,MAAM,CAAC,CAAC;aACvC;QACH,CAAC;QAjBH,MAAM,CAiBD,KAAK,CAAC,KAAK;QAjBhB,MAAM,CAkBH,MAAM,CAAC,EAAE,KAAK,EAAE,KAAK,EAAE;;IAlB1B,MAAM;iFA5BO,MAAM;QAiDnB,MAAM,iBAAC,IAAI;;QAAX,MAAM,CACH,OAAO,CAAC,GAAG,EAAE;YACZ,MAAM,CAAC,KAAK,CAAC,SAAS,GAAC,EAAE,CAAC;YAC1B,MAAM,CAAC,KAAK,CAAC,WAAW,GAAE,EAAE,CAAC;YAC7B,iBAAiB,CAAC,WAAW,CAAC,MAAM,CAAC,CAAC;QACxC,CAAC;QALH,MAAM,CAKD,KAAK,CAAC,KAAK;;IALhB,MAAM;IAvBR,SAAS;IACT,GAAG;IA1BL,MAAM;CA6DP;AAGD,MAAM,OAAQ,KAAK;IADnB;;;;;oDAE2B,IAAI,SAAS,EAAE;yDACG,EAAE;mBAEpB,IAAI,CAAC,YAAY,EAAE;2BAE1C,IAAI,gBAAgB,CAAC,IAAI,CAAC,GAAG,EAAE,WAAW,CAAC,SAAS,CAAC,EAAE,IAAI,MAAM,CAAC,IAAI,CAAC,KAAK,EAAC,IAAI,CAAC,UAAU,CAAC,CAAC;;;KATjG;;;;;;;;;;;;;;;;;;;;;;;;;;;IAIC,0CAAa,SAAS,EAAmB;QAAlC,KAAK;;;QAAL,KAAK,WAAC,SAAS;;;IACf,OAAO,wCAAa,KAAK,CAAC,MAAM,CAAC,EAAM;QAA/B,UAAU;;;QAAV,UAAU,WAAE,KAAK,CAAC,MAAM,CAAC;;;IACxC,gDAAgD;IAChD,OAAO,MAAM,SAAS,CAAuB;IAC7C,OAAO,cAAc,gBAAgB,CAAC,MAAM,CAAC,CACoD;IAEjG,KAAK,CAAC,aAAa;QACjB,IAAI,CAAC,iBAAiB,EAAE,CAAC,CAAC,SAAS;QACnC,mDAAmD;QACnD,OAAO,CAAC,GAAG,CAAC,mBAAmB,CAAC,CAAC;QACjC,MAAM,eAAe,CAAC,yBAAyB,EAAE,CAAC;QAClD,kFAAkF;QAClF,eAAe,CAAC,YAAY,EAAE,CAAC,IAAI,CAAC,CAAC,UAAU,EAAE,SAAS,EAAE,EAAE;YAC5D,oBAAoB;YACpB,kCAAkC;YAClC,IAAI;YACJ,OAAO,CAAC,GAAG,CAAC,yBAAyB,CAAC,CAAC;QACzC,CAAC,CAAC,CAAC;QACH,QAAQ;QACR,iBAAiB,CAAC,UAAU,CAAC,IAAI,CAAC,GAAG,CAAC,CAAC;QACvC,iBAAiB,CAAC,cAAc,CAAC,IAAI,CAAC,WAAW,CAAC,CAAC;QACnD,iBAAiB,CAAC,UAAU,CAAC,IAAI,MAAM,CAAC,IAAI,CAAC,KAAK,EAAC,IAAI,CAAC,UAAU,CAAC,CAAC,CAAC;IACvE,CAAC;IAED,iBAAiB;QACf,WAAW,CAAC,GAAG,EAAE;YACf,MAAM,WAAW,GAAG,IAAI,CAAC,cAAc,EAAE,CAAC,CAAC,SAAS;YACpD,IAAI,CAAC,WAAW,CAAC,WAAW,CAAC,CAAC;QAChC,CAAC,EAAE,KAAK,CAAC,CAAC,CAAC,UAAU;IACvB,CAAC;IAED,cAAc,IAAI,MAAM;QACtB,MAAM,IAAI,GAAG,IAAI,IAAI,EAAE,CAAC;QACxB,OAAO,GAAG,IAAI,CAAC,QAAQ,EAAE,IAAI,IAAI,CAAC,UAAU,EAAE,EAAE,CAAC,CAAC,eAAe;IACnE,CAAC;IAED,WAAW,CAAC,WAAW,EAAE,MAAM;QAC7B,IAAI,CAAC,UAAU,CAAC,OAAO,CAAC,CAAC,IAAI,EAAE,MAAM,EAAE,EAAE;YACvC,MAAM,IAAI,GAAC,IAAI,CAAC,KAAK,CAAC,GAAG,CAAC,CAAC,CAAC,CAAC,CAAC;YAC9B,MAAM,MAAM,GAAC,IAAI,CAAC,KAAK,CAAC,GAAG,CAAC,CAAC,CAAC,CAAC,CAAC;YAChC,IAAI,IAAI,KAAK,WAAW,EAAE;gBACxB,WAAW,CAAC,IAAI,CAAC;oBACb,KAAK,EAAE,QAAQ;oBACf,QAAQ,EAAE,IAAI;oBACd,OAAO,EAAE,MAAM;oBACf,UAAU,EAAE,IAAI;oBAChB,SAAS,EAAE,eAAe,CAAC,MAAM;oBACjC,SAAS,EAAE,CAAC;oBACZ,MAAM,EAAE,EAAE,EAAE,EAAE,CAAC,EAAE,EAAE,EAAE,CAAC,EAAE,EAAE;oBAC1B,aAAa,EAAE;wBACb,KAAK,EAAE,MAAM;wBACb,MAAM,EAAE,GAAG,EAAE;4BACX,OAAO,CAAC,IAAI,CAAC,2CAA2C,CAAC,CAAA;wBAC3D,CAAC;qBACF;oBACD,eAAe,EAAE;wBACf,OAAO,EAAE,IAAI;wBACb,YAAY,EAAE,IAAI;wBAClB,KAAK,EAAE,iBAAiB,CAAC,SAAS;wBAClC,KAAK,EAAE,MAAM;wBACb,MAAM,EAAE,GAAG,EAAE;4BACX,OAAO,CAAC,IAAI,CAAC,4CAA4C,CAAC,CAAA;wBAC5D,CAAC;qBACF;iBACF,CACF,CAAA;aACF;QACH,CAAC,CAAC,CAAC;IACL,CAAC;IAED;;YACE,MAAM,QAAC,EAAE,KAAK,EAAE,SAAS,CAAC,YAAY,EAAE;;YAAxC,MAAM,CAyBL,KAAK,CAAC,SAAS,CAAC,WAAW;YAzB5B,MAAM,CA0BL,MAAM,CAAC,SAAS,CAAC,WAAW;YA1B7B,MAAM,CA2BL,eAAe;;;YA1Bd,IAAI;;YAAJ,IAAI,CACD,QAAQ;YADX,IAAI,CAED,UAAU,CAAC,UAAU,CAAC,IAAI;YAF7B,IAAI,CAGD,UAAU;YAHb,IAAI,CAID,KAAK,CAAC,SAAS,CAAC,WAAW;YAJ9B,IAAI,CAKD,MAAM,CAAC;gBACN,GAAG,0GAAkC;gBACrC,MAAM,0GAAqC;aAC5C;YARH,IAAI,CASD,SAAS,CAAC,SAAS,CAAC,KAAK;;QAT5B,IAAI;;YAWJ,OAAO;YACP,MAAM;;YADN,OAAO;YACP,MAAM,CACH,MAAM,CAAC,EAAE,GAAG,EAAE,EAAE,EAAE;YAFrB,OAAO;YACP,MAAM,CAEH,OAAO,CAAC,GAAG,EAAE;gBACZ,IAAI,CAAC,WAAW,GAAC,IAAI,gBAAgB,CAAC,IAAI,CAAC,GAAG,EAAE,WAAW,CAAC,SAAS,CAAC,EAAE,IAAI,MAAM,CAAC,IAAI,CAAC,KAAK,EAAC,IAAI,CAAC,UAAU,CAAC,CAAC,CAAC;gBAChH,iBAAiB,CAAC,UAAU,CAAC,IAAI,CAAC,WAAW,CAAC,CAAC;YACjD,CAAC;;QANH,OAAO;QACP,MAAM;;YAON,OAAO;;;;;;oDACL,SAAS,OAAC,EAAE,OAAO,EAAE,IAAI,EAAE;;;;oCAAf,OAAO,EAAE,IAAI;;;;;;;;;;;+CADnB,IAAI,CAAC,UAAU,0BAEpB,CAAC,IAAI,EAAE,MAAM,EAAE,EAAE,CAAC,IAAI,CAAC,SAAS,CAAC,IAAI,CAAC;;QAFzC,OAAO;QApBT,MAAM;KA4BP",
    "entry-package-info": "entry|1.0.0",
    "package-info": "clock|1.0.0"
  },
  "entry|clock|1.0.0|src/main/ets/view/ClockItem.ts": {
    "version": 3,
    "file": "ClockItem.ets",
    "sourceRoot": "",
    "sources": [
      "features/clock/src/main/ets/view/ClockItem.ets"
    ],
    "names": [],
    "mappings": ";;;;IAIU,OAAO,GAAG,MAAM;IACjB,UAAU,GAAE,OAAO;;OALrB,SAAS;AAGhB,MAAM,CAAC,OAAO,OAAQ,SAAS;IAD/B;;;;;;yDAG+B,KAAK;;;KALO;;;;;;;;;;;;;;;;;;;IAIzC,OAAO,QAAQ,CAAC,EAAE,MAAM,CAAC;IACzB,+CAAmB,OAAO,EAAS;QAA5B,UAAU;;;QAAV,UAAU,WAAE,OAAO;;;IAEjB,SAAS,CAAC,IAAI,EAAE,QAAQ;;YAC/B,KAAK,QAAC,IAAI;;YAAV,KAAK,CACF,SAAS,CAAC,QAAQ,CAAC,OAAO;YAD7B,KAAK,CAEF,KAAK;YAFR,KAAK,CAGF,MAAM;YAHT,KAAK,CAIF,MAAM;;KACV;IAED;;YACE,GAAG;;YAAH,GAAG,CAaF,YAAY,CAAC,SAAS,CAAC,aAAa;YAbrC,GAAG,CAcF,eAAe;YAdhB,GAAG,CAeF,KAAK,CAAC,SAAS,CAAC,kBAAkB;YAfnC,GAAG,CAgBF,MAAM;YAhBP,GAAG,CAiBF,OAAO,CAAC,GAAG,EAAE;gBACZ,IAAI,CAAC,UAAU,GAAG,CAAC,IAAI,CAAC,UAAU,CAAC;YACrC,CAAC;;;;YAlBC,IAAI,IAAI,CAAC,UAAU,EAAE;;oBACnB,IAAI,CAAC,SAAS,qHAAuB;;aACtC;iBAAM;;oBACL,IAAI,CAAC,SAAS,qHAA4B;;aAC3C;;;;YAED,IAAI,QAAC,IAAI,CAAC,OAAO;;YAAjB,IAAI,CACD,QAAQ;YADX,IAAI,CAED,UAAU,CAAC,SAAS,CAAC,WAAW;YAFnC,IAAI,CAGD,OAAO,CAAC,IAAI,CAAC,UAAU,CAAC,CAAC,CAAC,SAAS,CAAC,iBAAiB,CAAC,CAAC,CAAC,SAAS,CAAC,eAAe;YAHpF,IAAI,CAID,UAAU,CAAC,EAAE,IAAI,EAAE,IAAI,CAAC,UAAU,CAAC,CAAC,CAAC,kBAAkB,CAAC,WAAW,CAAC,CAAC,CAAC,kBAAkB,CAAC,IAAI,EAAE;;QAJlG,IAAI;QAPN,GAAG;KAoBJ",
    "entry-package-info": "entry|1.0.0",
    "package-info": "clock|1.0.0"
  },
  "entry|daysmatter|1.0.0|Index.ts": {
    "version": 3,
    "file": "Index.ets",
    "sourceRoot": "",
    "sources": [
      "features/daysmatter/Index.ets"
    ],
    "names": [],
    "mappings": "OAAO,EAAC,UAAU,EAAC",
    "entry-package-info": "entry|1.0.0",
    "package-info": "daysmatter|1.0.0"
  },
  "entry|daysmatter|1.0.0|src/main/ets/pages/DaysMatter.ts": {
    "version": 3,
    "file": "DaysMatter.ets",
    "sourceRoot": "",
    "sources": [
      "features/daysmatter/src/main/ets/pages/DaysMatter.ets"
    ],
    "names": [],
    "mappings": ";;;;;OAAO,MAAM;OACN,EAAE,cAAc,IAAI,KAAK,EAAE;AAMlC,MAAM,OAAQ,UAAU;IADxB;;;;;;;KAL4E;;;;;;;;;;;IAQ1E;;YACE,MAAM;;YAAN,MAAM,CAGL,KAAK,CAAC,KAAK,CAAC,UAAU;YAHvB,MAAM,CAIL,eAAe;YAJhB,MAAM,CAKL,cAAc,CAAC,SAAS,CAAC,MAAM;;;;;4CAJ9B,MAAM;;;;;;;;;;;;QADR,MAAM;KAMP",
    "entry-package-info": "entry|1.0.0",
    "package-info": "daysmatter|1.0.0"
  },
  "entry|weather|1.0.0|Index.ts": {
    "version": 3,
    "file": "Index.ets",
    "sourceRoot": "",
    "sources": [
      "features/weather/Index.ets"
    ],
    "names": [],
    "mappings": "OAAO,EAAC,OAAO,EAAC",
    "entry-package-info": "entry|1.0.0",
    "package-info": "weather|1.0.0"
  },
  "entry|weather|1.0.0|src/main/ets/pages/Weather.ts": {
    "version": 3,
    "file": "Weather.ets",
    "sourceRoot": "",
    "sources": [
      "features/weather/src/main/ets/pages/Weather.ets"
    ],
    "names": [],
    "mappings": ";;;;IAME,UAAU,GAAE,OAAO,CAAC,iBAAiB;IAC9B,UAAU,GAAE,QAAQ;IACpB,aAAa,GAAE,UAAU;IACzB,MAAM,GAAE,MAAM;;;OARhB,aAAa;OACb,cAAc;AAGrB,MAAM,OAAQ,OAAO;IADrB;;;;;0BAE0C,IAAI,OAAO,CAAC,iBAAiB,EAAE;;4DAEpC,UAAU,CAAC,OAAO;qDAC7B,cAAc,CAAC,MAAM;;;KAPiB;;;;;;;;;;;;;;;;;;;;;;;;;;;;;IAI9D,oBAAY,OAAO,CAAC,iBAAiB,CAAmC;IACxE,+CAAmB,QAAQ,EAAwC;QAA5D,UAAU;;;QAAV,UAAU,WAAE,QAAQ;;;IAC3B,kDAAsB,UAAU,EAAsB;QAA/C,aAAa;;;QAAb,aAAa,WAAE,UAAU;;;IAChC,2CAAe,MAAM,EAAyB;QAAvC,MAAM;;;QAAN,MAAM,WAAE,MAAM;;;IAErB;;YACE,MAAM;;YAAN,MAAM,CA4BL,KAAK,CAAC,aAAa,CAAC,UAAU;YA5B/B,MAAM,CA6BL,MAAM,CAAC,MAAM;YA7Bd,MAAM,CA8BL,eAAe,2CAAqC,WAAW,CAAC,QAAQ;YA9BzE,MAAM,CA+BL,mBAAmB,CAAC,SAAS,CAAC,KAAK;;;YA9BlC,GAAG;;YAAH,GAAG,CAYF,MAAM,CAAC;gBACN,GAAG,0GAAgC;gBACnC,IAAI,0GAAgC;gBACpC,KAAK,0GAAgC;aACtC;YAhBD,GAAG,CAiBF,MAAM,CAAC,MAAM;YAjBd,GAAG,CAkBF,eAAe,CAAC,KAAK,CAAC,KAAK;YAlB5B,GAAG,CAmBF,YAAY;YAnBb,GAAG,CAoBF,OAAO,CAAC;gBACP,IAAI,0GAAiC;gBACrC,KAAK,0GAAiC;aACvC;;;YAtBC,KAAK;;YAAL,KAAK,CACF,MAAM;YADT,KAAK,CAEF,KAAK;;;YACR,SAAS,QAAC,EAAE,WAAW,0GAAgC,EAAE,IAAI,EAAE,IAAI,CAAC,MAAM,EAAE;;YAA5E,SAAS,CACN,MAAM;YADT,SAAS,CAEN,YAAY,CAAC,CAAC;YAFjB,SAAS,CAGN,eAAe,CAAC,KAAK,CAAC,KAAK;YAH9B,SAAS,CAIN,QAAQ,CAAC,CAAC,KAAK,EAAE,MAAM,EAAE,EAAE;gBAC1B,IAAI,CAAC,MAAM,GAAG,KAAK,CAAC;YACtB,CAAC;;QAVL,GAAG;;YAwBH,GAAG,QAAC,EAAE,GAAG,EAAE,IAAI,CAAC,MAAM,EAAE,UAAU,EAAE,IAAI,CAAC,UAAU,EAAE;;YAArD,GAAG,CACA,UAAU,CAAC,IAAI;;QA1BpB,MAAM;KAgCP",
    "entry-package-info": "entry|1.0.0",
    "package-info": "weather|1.0.0"
  },
  "entry|clock|1.0.0|src/main/ets/common/Logger.ts": {
    "version": 3,
    "file": "Logger.ets",
    "sourceRoot": "",
    "sources": [
      "features/clock/src/main/ets/common/Logger.ets"
    ],
    "names": [],
    "mappings": ";AAiBA;;;;GAIG;AACH,MAAM,MAAM;IACV,OAAO,CAAC,MAAM,EAAE,MAAM,CAAC;IACvB,OAAO,CAAC,MAAM,EAAE,MAAM,CAAC;IACvB,OAAO,CAAC,MAAM,EAAE,MAAM,GAAG,wBAAwB,CAAC;IAElD,YAAY,MAAM,EAAE,MAAM;QACxB,IAAI,CAAC,MAAM,GAAG,MAAM,CAAC;QACrB,IAAI,CAAC,MAAM,GAAG,MAAM,CAAC;IACvB,CAAC;IAED;;;;OAIG;IACH,KAAK,CAAC,GAAG,IAAI,EAAE,MAAM,EAAE;QACrB,KAAK,CAAC,KAAK,CAAC,IAAI,CAAC,MAAM,EAAE,IAAI,CAAC,MAAM,EAAE,IAAI,CAAC,MAAM,EAAE,IAAI,CAAC,CAAC;IAC3D,CAAC;IAED;;;;OAIG;IACH,IAAI,CAAC,GAAG,IAAI,EAAE,MAAM,EAAE;QACpB,KAAK,CAAC,IAAI,CAAC,IAAI,CAAC,MAAM,EAAE,IAAI,CAAC,MAAM,EAAE,IAAI,CAAC,MAAM,EAAE,IAAI,CAAC,CAAC;IAC1D,CAAC;IAED;;;;OAIG;IACH,IAAI,CAAC,GAAG,IAAI,EAAE,MAAM,EAAE;QACpB,KAAK,CAAC,IAAI,CAAC,IAAI,CAAC,MAAM,EAAE,IAAI,CAAC,MAAM,EAAE,IAAI,CAAC,MAAM,EAAE,IAAI,CAAC,CAAC;IAC1D,CAAC;IAED;;;;OAIG;IACH,KAAK,CAAC,GAAG,IAAI,EAAE,MAAM,EAAE;QACrB,KAAK,CAAC,KAAK,CAAC,IAAI,CAAC,MAAM,EAAE,IAAI,CAAC,MAAM,EAAE,IAAI,CAAC,MAAM,EAAE,IAAI,CAAC,CAAC;IAC3D,CAAC;CACF;AAED,eAAe,IAAI,MAAM,CAAC,eAAe,CAAC,CAAC",
    "entry-package-info": "entry|1.0.0",
    "package-info": "clock|1.0.0"
  },
  "entry|clock|1.0.0|src/main/ets/common/StyleConstants.ts": {
    "version": 3,
    "file": "StyleConstants.ets",
    "sourceRoot": "",
    "sources": [
      "features/clock/src/main/ets/common/StyleConstants.ets"
    ],
    "names": [],
    "mappings": "AAAA;;;;;;;;;;;;;GAaG;AAEH;;GAEG;AACH,MAAM,cAAc;IAClB;;OAEG;IACH,SAAS,GAAG,EAAE,CAAC;IAEf;;OAEG;IACH,WAAW,GAAG,GAAG,CAAC;IAElB;;OAEG;IACH,YAAY,GAAG,MAAM,CAAC;IAEtB;;OAEG;IACH,cAAc,GAAG,EAAE,CAAC;IAEpB;;OAEG;IACH,WAAW,GAAG,MAAM,CAAC;IAErB;;OAEG;IACH,iBAAiB,GAAG,KAAK,CAAC;IAE1B;;OAEG;IACH,gBAAgB,GAAG,KAAK,CAAC;IAEzB;;OAEG;IACH,kBAAkB,GAAG,IAAI,CAAC;IAE1B;;OAEG;IACH,gBAAgB,GAAG,KAAK,CAAC;IAEzB;;OAEG;IACH,cAAc,GAAG,MAAM,CAAC;IAExB;;OAEG;IACH,UAAU,GAAG,KAAK,CAAC;IAEnB;;OAEG;IACH,mBAAmB,GAAG,IAAI,CAAC;IAE3B;;OAEG;IACH,iBAAiB,GAAG,OAAO,CAAC;IAE5B;;OAEG;IACH,aAAa,GAAG,IAAI,CAAC;IAErB;;OAEG;IACH,YAAY,GAAG,KAAK,CAAC;IAErB;;OAEG;IACH,oBAAoB,GAAG,MAAM,CAAC;CAC/B;AAED,eAAe,IAAI,cAAc,EAAE,CAAC",
    "entry-package-info": "entry|1.0.0",
    "package-info": "clock|1.0.0"
  },
  "entry|clock|1.0.0|src/main/ets/model/ClockData.ts": {
    "version": 3,
    "file": "ClockData.ets",
    "sourceRoot": "",
    "sources": [
      "features/clock/src/main/ets/model/ClockData.ets"
    ],
    "names": [],
    "mappings": "AAEA;;GAEG;AACH,MAAM,CAAC,OAAO,OAAO,SAAS;IAC5B;;OAEG;IACH,SAAS,EAAC,MAAM,GAAC,EAAE,CAAC;IACpB,WAAW,EAAC,MAAM,GAAC,EAAE,CAAC;IACtB,qDAAqD;IAErD;;OAEG;IACH,OAAO,IAAI,MAAM;QACf,OAAO,IAAI,CAAC,SAAS,GAAC,GAAG,GAAC,IAAI,CAAC,WAAW,CAAC;IAC7C,CAAC;CAEF",
    "entry-package-info": "entry|1.0.0",
    "package-info": "clock|1.0.0"
  },
  "entry|clock|1.0.0|src/main/ets/model/PreferenceModel.ts": {
    "version": 3,
    "file": "PreferenceModel.ets",
    "sourceRoot": "",
    "sources": [
      "features/clock/src/main/ets/model/PreferenceModel.ets"
    ],
    "names": [],
    "mappings": ";;OAiBO,MAAM;OACN,eAAe;OACf,SAAS;AAEhB,IAAI,OAAO,GAAG,UAAU,CAAC,IAAI,CAAC,CAAC;AAC/B,IAAI,UAAU,EAAE,WAAW,CAAC,WAAW,CAAC;AACxC,IAAI,cAAc,EAAE,WAAW,CAAC,WAAW,CAAC;AAE5C;;;;GAIG;AACH,MAAM,eAAe;IACnB,OAAO,CAAC,SAAS,EAAE,SAAS,GAAG,IAAI,SAAS,EAAE,CAAC;IAE/C;;OAEG;IACH,KAAK,CAAC,yBAAyB;QAC7B,IAAI;YACF,UAAU,GAAG,MAAM,WAAW,CAAC,cAAc,CAAC,OAAO,EAAE,eAAe,CAAC,gBAAgB,CAAC,CAAC;SAC1F;QAAC,OAAO,GAAG,EAAE;YACZ,MAAM,CAAC,KAAK,CAAC,eAAe,CAAC,GAAG,EAAE,qCAAqC,GAAG,EAAE,CAAC,CAAC;SAC/E;IACH,CAAC;IAED;;OAEG;IACH,KAAK,CAAC,iBAAiB;QACrB,IAAI;YACF,MAAM,WAAW,CAAC,iBAAiB,CAAC,OAAO,EAAE,eAAe,CAAC,gBAAgB,CAAC,CAAC;SAChF;QAAC,OAAM,GAAG,EAAE;YACX,MAAM,CAAC,KAAK,CAAC,eAAe,CAAC,GAAG,EAAE,wCAAwC,GAAG,EAAE,CAAC,CAAC;SAClF;QAAA,CAAC;QACF,UAAU,GAAG,cAAc,CAAC;QAC5B,IAAI,CAAC,gBAAgB,0GAAqC,CAAC;IAC7D,CAAC;IAED;;;;OAIG;IACH,KAAK,CAAC,aAAa,CAAC,SAAS,EAAE,SAAS;QACtC,IAAI,CAAC,UAAU,EAAE;YACf,MAAM,IAAI,CAAC,yBAAyB,EAAE,CAAC;SACxC;QACD,0GAA0G;QAC1G,IAAI;YACF,MAAM,UAAU,CAAC,GAAG,CAAC,eAAe,CAAC,QAAQ,EAAE,IAAI,CAAC,SAAS,CAAC,SAAS,CAAC,CAAC,CAAC;SAC3E;QAAC,OAAO,GAAG,EAAE;YACZ,MAAM,CAAC,KAAK,CAAC,eAAe,CAAC,GAAG,EAAE,+BAA+B,GAAG,EAAE,CAAC,CAAC;SACzE;QACD,mEAAmE;QACnE,MAAM,UAAU,CAAC,KAAK,EAAE,CAAC;IAC3B,CAAC;IAED;;OAEG;IACH,KAAK,CAAC,aAAa;QACjB,IAAI,KAAK,GAAG,EAAE,CAAC;QACf,IAAI,CAAC,UAAU,EAAE;YACf,MAAM,IAAI,CAAC,yBAAyB,EAAE,CAAC;SACxC;QACD,IAAI;YACF,uEAAuE;YACvE,KAAK,GAAG,CAAC,MAAM,UAAU,CAAC,GAAG,CAAC,eAAe,CAAC,QAAQ,EAAE,EAAE,CAAC,CAAC,CAAC,QAAQ,EAAE,CAAC;SACzE;QAAC,OAAO,GAAG,EAAE;YACZ,MAAM,CAAC,KAAK,CAAC,eAAe,CAAC,GAAG,EAAE,+BAA+B,GAAG,EAAE,CAAC,CAAC;SACzE;QACD,yFAAyF;QACzF,IAAI,KAAK,KAAK,EAAE,EAAE;YAChB,IAAI,CAAC,gBAAgB,0GAAmC,CAAC;YACzD,OAAO;SACR;QACD,OAAO,CAAC,GAAG,CAAC,6BAA6B,CAAC,CAAC;QAC3C,OAAO,IAAI,CAAC,KAAK,CAAC,KAAK,CAAC,CAAC;IAC3B,CAAC;IAED;;OAEG;IACH,KAAK,CAAC,YAAY;QAChB,IAAI,CAAC,SAAS,GAAG,MAAM,IAAI,CAAC,aAAa,EAAE,CAAC;QAC5C,OAAO,IAAI,CAAC,SAAS,CAAC;IACxB,CAAC;IAED;;;;OAIG;IACH,cAAc,CAAC,SAAS,EAAE,SAAS;QACjC,IAAI,SAAS,CAAC,SAAS,KAAK,EAAE,IAAI,SAAS,CAAC,WAAW,KAAK,EAAE,EAAE;YAC9D,IAAI,CAAC,gBAAgB,0GAAuC,CAAC;YAC7D,OAAO,IAAI,CAAC;SACb;QACD,OAAO,KAAK,CAAC;IACf,CAAC;IAED;;;;OAIG;IACH,KAAK,CAAC,SAAS,CAAC,SAAS,EAAE,SAAS;QAClC,kCAAkC;QAClC,IAAI,UAAU,GAAG,IAAI,CAAC,cAAc,CAAC,SAAS,CAAC,CAAC;QAChD,IAAI,UAAU,EAAE;YACd,OAAO;SACR;QACD,yEAAyE;QACzE,IAAI,CAAC,aAAa,CAAC,SAAS,CAAC,CAAC;QAC9B,IAAI,CAAC,gBAAgB,0GAAoC,CAAC;IAC5D,CAAC;IAED;;;;OAIG;IACH,gBAAgB,CAAC,OAAO,EAAE,QAAQ;QAChC,YAAY,CAAC,SAAS,CAAC;YACrB,OAAO,EAAE,OAAO;YAChB,QAAQ,EAAE,eAAe,CAAC,QAAQ;SACnC,CAAC,CAAC;IACL,CAAC;IAAA,CAAC;CACH;AAED,eAAe,IAAI,eAAe,EAAE,CAAC",
    "entry-package-info": "entry|1.0.0",
    "package-info": "clock|1.0.0"
  },
  "entry|clock|1.0.0|src/main/ets/view/TextItem.ts": {
    "version": 3,
    "file": "TextItem.ets",
    "sourceRoot": "",
    "sources": [
      "features/clock/src/main/ets/view/TextItem.ets"
    ],
    "names": [],
    "mappings": ";;;;IAwBE,KAAK,GAAC,SAAS;IACf,YAAY,GAAE,QAAQ;IACtB,mBAAmB,GAAE,QAAQ;IAC7B,QAAQ,GAAE,MAAM;IAChB,iBAAiB;IACT,YAAY,GAAE,MAAM;IACpB,SAAS,GAAE,MAAM;IACjB,aAAa,GAAE,SAAS;;OAhB3B,cAAc;OACd,SAAS;OACT,SAAS;AAMhB,MAAM,CAAC,OAAO,OAAQ,QAAQ;IAD9B;;;;;qBAEkB,IAAI,SAAS,EAAE;;;wBAGZ,CAAC;iCACA,CAAC,KAAK,EAAE,MAAM,EAAE,EAAE,GAAE,CAAC;4BACV,EAAE;yBACL,EAAE;6BACK,SAAS,CAAC,MAAM;;;KAdV;;;;;;;;;;;;;;;;;;;;;;;;;;;;;;;;;;;IAOzC,eAAM,SAAS,CAAiB;IAChC,sBAAc,QAAQ,CAA0B;IAChD,6BAAqB,QAAQ,CAA0B;IACvD,kBAAU,MAAM,CAAK;IACrB,0BAA0C;IAC1C,OAAO,eAAe,MAAM,CAAM;IAClC,OAAO,YAAY,MAAM,CAAM;IAC/B,OAAO,gBAAgB,SAAS,CAAoB;IAEpD,aAAa;QACX,IAAI,IAAI,CAAC,QAAQ,KAAK,SAAS,CAAC,SAAS,EAAE;YACzC,yBAAyB;YACzB,IAAI,CAAC,SAAS,GAAG,cAAc,CAAC,UAAU,CAAC;SAC5C;aAAM;YACL,2BAA2B;SAC5B;QACD,IAAI,CAAC,YAAY,GAAG,cAAc,CAAC,mBAAmB,CAAC;QACvD,IAAI,CAAC,aAAa,GAAG,SAAS,CAAC,MAAM,CAAC;IACxC,CAAC;IAED;;YACE,MAAM;;;;YACJ,IAAI,QAAC,IAAI,CAAC,YAAY;;YAAtB,IAAI,CACD,QAAQ,CAAC,cAAc,CAAC,SAAS;YADpC,IAAI,CAED,MAAM,CAAC,MAAM;YAFhB,IAAI,CAGD,KAAK,CAAC,cAAc,CAAC,YAAY;YAHpC,IAAI,CAID,SAAS;YAJZ,IAAI,CAKD,aAAa,CAAC,cAAc,CAAC,cAAc;YAL9C,IAAI,CAMD,UAAU,CAAC,cAAc,CAAC,WAAW;YANxC,IAAI,CAOD,MAAM,CAAC;gBACN,MAAM,EAAE,cAAc,CAAC,kBAAkB;gBACzC,IAAI,EAAE,cAAc,CAAC,gBAAgB;aACtC;;QAVH,IAAI;;YAYJ,SAAS,QAAC;gBACR,WAAW,EAAE,IAAI,CAAC,mBAAmB;gBACrC,IAAI,EAAE,IAAI,CAAC,QAAQ,KAAK,CAAC,CAAC,CAAC,CAAC,CAAC,IAAI,CAAC,KAAK,CAAC,SAAS,CAAC,CAAC,CAAC,CAAC,CAAC,IAAI,CAAC,KAAK,CAAC,WAAW,CAAC;aAC9E;;YAHD,SAAS,CAIN,eAAe,CAAC,EAAE,IAAI,EAAE,cAAc,CAAC,SAAS,EAAE,MAAM,EAAE,cAAc,CAAC,WAAW,EAAE;YAJzF,SAAS,CAKN,gBAAgB;YALnB,SAAS,CAMN,UAAU,CAAC,KAAK,CAAC,IAAI;YANxB,SAAS,CAON,IAAI,CAAC,IAAI,CAAC,aAAa;YAP1B,SAAS,CAQN,MAAM,CAAC,MAAM;YARhB,SAAS,CASN,KAAK,CAAC,cAAc,CAAC,gBAAgB;YATxC,SAAS,CAUN,MAAM,CAAC,EAAE,MAAM,EAAE,IAAI,CAAC,YAAY,EAAE;YAVvC,SAAS,CAWN,QAAQ,CAAC,cAAc,CAAC,SAAS;YAXpC,SAAS,CAYN,SAAS;YAZZ,SAAS,CAaN,UAAU,CAAC,cAAc,CAAC,WAAW;YAbxC,SAAS,CAcN,eAAe;YAdlB,SAAS,CAeN,QAAQ,CAAC,CAAC,KAAK,EAAE,MAAM,EAAE,EAAE;gBAC1B,IAAI,CAAC,iBAAiB,CAAC,KAAK,CAAC,CAAC;YAChC,CAAC;;QA9BL,MAAM;KAgCP",
    "entry-package-info": "entry|1.0.0",
    "package-info": "clock|1.0.0"
  },
  "entry|clock|1.0.0|src/main/ets/utils/PromptActionClass.ts": {
    "version": 3,
    "file": "PromptActionClass.ets",
    "sourceRoot": "",
    "sources": [
      "features/clock/src/main/ets/utils/PromptActionClass.ets"
    ],
    "names": [],
    "mappings": ";;cAGS,SAAS;AAElB,MAAM,OAAO,iBAAiB;IAC5B,MAAM,CAAC,GAAG,EAAE,SAAS,CAAC;IACtB,MAAM,CAAC,WAAW,EAAE,gBAAgB,CAAC,MAAM,CAAC,CAAC;IAC7C,MAAM,CAAC,OAAO,EAAE,MAAM,CAAC;IAEvB,MAAM,CAAC,UAAU,CAAC,OAAO,EAAE,SAAS;QAClC,iBAAiB,CAAC,GAAG,GAAG,OAAO,CAAC;IAClC,CAAC;IAED,MAAM,CAAC,cAAc,CAAC,IAAI,EAAE,gBAAgB,CAAC,MAAM,CAAC;QAClD,iBAAiB,CAAC,WAAW,GAAG,IAAI,CAAC;IACvC,CAAC;IAED,MAAM,CAAC,UAAU,CAAC,OAAO,EAAE,MAAM;QAC/B,iBAAiB,CAAC,OAAO,GAAG,OAAO,CAAC;IACtC,CAAC;IAED,MAAM,CAAC,UAAU,CAAC,IAAI,EAAE,gBAAgB,CAAC,MAAM,CAAC;QAC9C,IAAI,iBAAiB,CAAC,WAAW,KAAK,IAAI,EAAE;YAC1C,iBAAiB,CAAC,cAAc,CAAC,IAAI,CAAC,CAAC;YACvC,iBAAiB,CAAC,GAAG,CAAC,eAAe,EAAE,CAAC,gBAAgB,CAAC,iBAAiB,CAAC,WAAW,EAAE,iBAAiB,CAAC,OAAO,CAAC;iBAC/G,IAAI,CAAC,GAAG,EAAE;gBACT,OAAO,CAAC,IAAI,CAAC,4BAA4B,CAAC,CAAA;YAC5C,CAAC,CAAC;iBACD,KAAK,CAAC,CAAC,KAAK,EAAE,aAAa,EAAE,EAAE;gBAC9B,IAAI,OAAO,GAAG,CAAC,KAAK,IAAI,aAAa,CAAC,CAAC,OAAO,CAAC;gBAC/C,IAAI,IAAI,GAAG,CAAC,KAAK,IAAI,aAAa,CAAC,CAAC,IAAI,CAAC;gBACzC,OAAO,CAAC,KAAK,CAAC,uCAAuC,IAAI,gBAAgB,OAAO,EAAE,CAAC,CAAC;YACtF,CAAC,CAAC,CAAA;SACL;IACH,CAAC;IAED,MAAM,CAAC,WAAW,CAAC,OAAO,EAAE,MAAM;QAChC,IAAI,iBAAiB,CAAC,WAAW,KAAK,IAAI,EAAE;YAC1C,iBAAiB,CAAC,GAAG,CAAC,eAAe,EAAE,CAAC,iBAAiB,CAAC,iBAAiB,CAAC,WAAW,CAAC;iBACrF,IAAI,CAAC,GAAG,EAAE;gBACT,iBAAiB,CAAC,WAAW,CAAC,OAAO,EAAE,CAAC;gBACxC,OAAO,CAAC,IAAI,CAAC,6BAA6B,CAAC,CAAA;YAC7C,CAAC,CAAC;iBACD,KAAK,CAAC,CAAC,KAAK,EAAE,aAAa,EAAE,EAAE;gBAC9B,IAAI,OAAO,GAAG,CAAC,KAAK,IAAI,aAAa,CAAC,CAAC,OAAO,CAAC;gBAC/C,IAAI,IAAI,GAAG,CAAC,KAAK,IAAI,aAAa,CAAC,CAAC,IAAI,CAAC;gBACzC,OAAO,CAAC,KAAK,CAAC,wCAAwC,IAAI,gBAAgB,OAAO,EAAE,CAAC,CAAC;YACvF,CAAC,CAAC,CAAA;SACL;IACH,CAAC;IAED,MAAM,CAAC,YAAY,CAAC,OAAO,EAAE,MAAM;QACjC,IAAI,iBAAiB,CAAC,WAAW,KAAK,IAAI,EAAE;YAC1C,iBAAiB,CAAC,GAAG,CAAC,eAAe,EAAE,CAAC,kBAAkB,CAAC,iBAAiB,CAAC,WAAW,EAAE,OAAO,CAAC;iBAC/F,IAAI,CAAC,GAAG,EAAE;gBACT,OAAO,CAAC,IAAI,CAAC,8BAA8B,CAAC,CAAA;YAC9C,CAAC,CAAC;iBACD,KAAK,CAAC,CAAC,KAAK,EAAE,aAAa,EAAE,EAAE;gBAC9B,IAAI,OAAO,GAAG,CAAC,KAAK,IAAI,aAAa,CAAC,CAAC,OAAO,CAAC;gBAC/C,IAAI,IAAI,GAAG,CAAC,KAAK,IAAI,aAAa,CAAC,CAAC,IAAI,CAAC;gBACzC,OAAO,CAAC,KAAK,CAAC,yCAAyC,IAAI,gBAAgB,OAAO,EAAE,CAAC,CAAC;YACxF,CAAC,CAAC,CAAA;SACL;IACH,CAAC;CACF",
    "entry-package-info": "entry|1.0.0",
    "package-info": "clock|1.0.0"
  },
  "entry|daysmatter|1.0.0|src/main/ets/common/constant/CommonConstant.ts": {
    "version": 3,
    "file": "CommonConstant.ets",
    "sourceRoot": "",
    "sources": [
      "features/daysmatter/src/main/ets/common/constant/CommonConstant.ets"
    ],
    "names": [],
    "mappings": "YAcO,aAAa,MAAM,+BAA+B;AAEzD,MAAM,OAAO,cAAc;IAEzB;;OAEG;IACH,MAAM,CAAC,QAAQ,CAAC,MAAM,EAAE,MAAM,GAAG,4BAA4B,CAAC;IAE9D;;OAEG;IACH,MAAM,CAAC,QAAQ,CAAC,aAAa,EAAE,MAAM,GAAG,kBAAkB,CAAC;IAE3D;;OAEG;IACH,MAAM,CAAC,QAAQ,CAAC,aAAa,EAAE,MAAM,GAAG,kBAAkB,CAAC;IAE3D;;OAEG;IACH,MAAM,CAAC,QAAQ,CAAC,mBAAmB,EAAE,MAAM,GAAG,SAAS,CAAC;IAExD;;OAEG;IACH,MAAM,CAAC,QAAQ,CAAC,qBAAqB,EAAE,MAAM,GAAG,GAAG,CAAC;IAEpD;;OAEG;IACH,MAAM,CAAC,QAAQ,CAAC,SAAS,EAAE,MAAM,GAAG,CAAC,CAAC;IAEtC;;OAEG;IACH,MAAM,CAAC,QAAQ,CAAC,oBAAoB,EAAE,MAAM,GAAG,EAAE,CAAC;IAElD;;OAEG;IACH,MAAM,CAAC,QAAQ,CAAC,aAAa,EAAE,MAAM,GAAG,GAAG,CAAC;IAE5C;;OAEG;IACH,MAAM,CAAC,QAAQ,CAAC,wBAAwB,EAAE,MAAM,GAAG,GAAG,CAAC;IAEvD;;OAEG;IACH,MAAM,CAAC,QAAQ,CAAC,UAAU,EAAE,MAAM,GAAG,IAAI,CAAC;IAE1C;;OAEG;IACH,MAAM,CAAC,QAAQ,CAAC,kBAAkB,EAAE,MAAM,GAAG,IAAI,CAAC;IAElD;;OAEG;IACH,MAAM,CAAC,QAAQ,CAAC,iBAAiB,EAAE,MAAM,GAAG,KAAK,CAAC;IAElD;;OAEG;IACH,MAAM,CAAC,QAAQ,CAAC,UAAU,EAAE,MAAM,GAAG,MAAM,CAAC;IAE5C;;OAEG;IACH,MAAM,CAAC,QAAQ,CAAC,WAAW,EAAE,MAAM,GAAG,MAAM,CAAC;IAE7C;;OAEG;IACH,MAAM,CAAC,QAAQ,CAAC,gCAAgC,EAAE,MAAM,GAAG,EAAE,CAAC;IAC9D,MAAM,CAAC,QAAQ,CAAC,6BAA6B,EAAE,MAAM,GAAG,EAAE,CAAC;IAC3D,MAAM,CAAC,QAAQ,CAAC,kCAAkC,EAAE,MAAM,GAAG,GAAG,CAAC;IACjE,MAAM,CAAC,QAAQ,CAAC,+BAA+B,EAAE,MAAM,GAAG,GAAG,CAAC;IAC9D,MAAM,CAAC,QAAQ,CAAC,kBAAkB,EAAE,MAAM,GAAG,MAAM,CAAC;IACpD,MAAM,CAAC,QAAQ,CAAC,0BAA0B,EAAE,MAAM,GAAI,MAAM,CAAC;IAC7D,MAAM,CAAC,QAAQ,CAAC,iBAAiB,EAAE,MAAM,GAAG,MAAM,CAAC;IACnD,MAAM,CAAC,QAAQ,CAAC,0BAA0B,EAAE,KAAK,CAAC,aAAa,CAAC,GAAG;QACjE,EAAE,EAAE,EAAE,CAAC,EAAE,IAAI,EAAE,IAAI,EAAE;QACrB,EAAE,EAAE,EAAE,CAAC,EAAE,IAAI,EAAE,IAAI,EAAE;QACrB,EAAE,EAAE,EAAE,CAAC,EAAE,IAAI,EAAE,IAAI,EAAE;QACrB,EAAE,EAAE,EAAE,CAAC,EAAE,IAAI,EAAE,IAAI,EAAE;QACrB,EAAE,EAAE,EAAE,CAAC,EAAE,IAAI,EAAE,IAAI,EAAE;QACrB,EAAE,EAAE,EAAE,CAAC,EAAE,IAAI,EAAE,IAAI,EAAE;QACrB,EAAE,EAAE,EAAE,CAAC,EAAE,IAAI,EAAE,IAAI,EAAE;QACrB,EAAE,EAAE,EAAE,CAAC,EAAE,IAAI,EAAE,IAAI,EAAE;KACtB,CAAC;IAEF;;OAEG;IACH,MAAM,CAAC,QAAQ,CAAC,0CAA0C,EAAE,MAAM,GAAG,GAAG,CAAC;IACzE,MAAM,CAAC,QAAQ,CAAC,sCAAsC,EAAE,MAAM,GAAG,CAAC,CAAC;IACnE,MAAM,CAAC,QAAQ,CAAC,mCAAmC,EAAE,MAAM,GAAG,EAAE,CAAC;IACjE,MAAM,CAAC,QAAQ,CAAC,gCAAgC,EAAE,MAAM,GAAG,GAAG,CAAC;IAC/D,MAAM,CAAC,QAAQ,CAAC,kCAAkC,EAAE,MAAM,GAAG,GAAG,CAAC;IACjE,MAAM,CAAC,QAAQ,CAAC,+BAA+B,EAAE,MAAM,GAAG,EAAE,CAAC;IAC7D,MAAM,CAAC,QAAQ,CAAC,iCAAiC,EAAE,MAAM,GAAG,EAAE,CAAC;IAC/D,MAAM,CAAC,QAAQ,CAAC,gCAAgC,EAAE,MAAM,GAAG,MAAM,CAAC;IAClE,MAAM,CAAC,QAAQ,CAAC,iCAAiC,EAAE,MAAM,GAAG,MAAM,CAAC;IACnE,MAAM,CAAC,QAAQ,CAAC,kCAAkC,EAAE,MAAM,GAAG,MAAM,CAAC;IACpE,MAAM,CAAC,QAAQ,CAAC,4BAA4B,EAAE,MAAM,GAAG,KAAK,CAAC;IAC7D,MAAM,CAAC,QAAQ,CAAC,2BAA2B,EAAE,MAAM,GAAI,OAAO,CAAC;IAE/D;;OAEG;IACH,MAAM,CAAC,QAAQ,CAAC,wBAAwB,EAAE,MAAM,GAAG,CAAC,CAAC;IACrD,MAAM,CAAC,QAAQ,CAAC,wBAAwB,EAAE,MAAM,GAAG,EAAE,CAAC;IACtD,MAAM,CAAC,QAAQ,CAAC,0BAA0B,EAAE,MAAM,GAAG,GAAG,CAAC;IACzD,MAAM,CAAC,QAAQ,CAAC,0BAA0B,EAAE,MAAM,GAAG,MAAM,CAAC;IAC5D,MAAM,CAAC,QAAQ,CAAC,yBAAyB,EAAE,MAAM,GAAG,MAAM,CAAC;IAC3D,MAAM,CAAC,QAAQ,CAAC,qBAAqB,EAAE,MAAM,GAAG,MAAM,CAAC;IACvD,MAAM,CAAC,QAAQ,CAAC,oBAAoB,EAAE,MAAM,GAAG,OAAO,CAAC;IACvD,MAAM,CAAC,QAAQ,CAAC,2BAA2B,EAAE,MAAM,GAAG,MAAM,CAAC;IAC7D,MAAM,CAAC,QAAQ,CAAC,0BAA0B,EAAE,MAAM,GAAG,MAAM,CAAC;IAC5D,MAAM,CAAC,QAAQ,CAAC,sBAAsB,EAAE,MAAM,GAAG,MAAM,CAAC;IACxD,MAAM,CAAC,QAAQ,CAAC,qBAAqB,EAAE,MAAM,GAAG,OAAO,CAAC;IAExD;;OAEG;IACH,MAAM,CAAC,QAAQ,CAAC,iBAAiB,EAAE,MAAM,GAAG,KAAK,CAAC;IAClD,MAAM,CAAC,QAAQ,CAAC,kBAAkB,EAAE,MAAM,GAAG,OAAO,CAAC;IACrD,MAAM,CAAC,QAAQ,CAAC,uBAAuB,EAAE,MAAM,GAAG,MAAM,CAAC;IACzD,MAAM,CAAC,QAAQ,CAAC,sBAAsB,EAAE,MAAM,GAAG,MAAM,CAAC;IACxD,MAAM,CAAC,QAAQ,CAAC,qBAAqB,EAAE,MAAM,GAAG,CAAC,CAAC;IAClD,MAAM,CAAC,QAAQ,CAAC,qBAAqB,EAAE,MAAM,GAAG,EAAE,CAAC;IAEnD;;OAEG;IACH,MAAM,CAAC,QAAQ,CAAC,oBAAoB,EAAE,MAAM,GAAG,CAAC,CAAC;IACjD,MAAM,CAAC,QAAQ,CAAC,oBAAoB,EAAE,MAAM,GAAG,EAAE,CAAC;IAClD,MAAM,CAAC,QAAQ,CAAC,sBAAsB,EAAE,MAAM,GAAG,MAAM,CAAC;IACxD,MAAM,CAAC,QAAQ,CAAC,qBAAqB,EAAE,MAAM,GAAG,MAAM,CAAC;IACvD,MAAM,CAAC,QAAQ,CAAC,iBAAiB,EAAE,MAAM,GAAG,MAAM,CAAC;IACnD,MAAM,CAAC,QAAQ,CAAC,gBAAgB,EAAE,MAAM,GAAG,KAAK,CAAC;IAEjD;;OAEG;IACH,MAAM,CAAC,QAAQ,CAAC,oBAAoB,EAAE,MAAM,GAAG,MAAM,CAAC;IACtD,MAAM,CAAC,QAAQ,CAAC,qBAAqB,EAAE,MAAM,GAAG,MAAM,CAAC;IACvD,MAAM,CAAC,QAAQ,CAAC,mBAAmB,EAAE,MAAM,GAAG,MAAM,CAAC;IACrD,MAAM,CAAC,QAAQ,CAAC,cAAc,EAAE,MAAM,GAAG,KAAK,CAAC;IAC/C,MAAM,CAAC,QAAQ,CAAC,eAAe,EAAE,MAAM,GAAG,OAAO,CAAC;IAClD,MAAM,CAAC,QAAQ,CAAC,qBAAqB,EAAE,MAAM,GAAG,CAAC,CAAC;IAClD,MAAM,CAAC,QAAQ,CAAC,oBAAoB,EAAE,MAAM,GAAG,CAAC,CAAC;IACjD,MAAM,CAAC,QAAQ,CAAC,sBAAsB,EAAE,MAAM,GAAG,KAAK,CAAC;IACvD,MAAM,CAAC,QAAQ,CAAC,4BAA4B,EAAE,MAAM,GAAG,CAAC,CAAC;IAEzD;;OAEG;IACH,MAAM,CAAC,QAAQ,CAAC,yBAAyB,EAAE,MAAM,GAAG,KAAK,CAAC;IAC1D,MAAM,CAAC,QAAQ,CAAC,gCAAgC,EAAE,MAAM,GAAG,CAAC,CAAC;IAC7D,MAAM,CAAC,QAAQ,CAAC,8BAA8B,EAAE,MAAM,GAAG,CAAC,CAAC;IAC3D,MAAM,CAAC,QAAQ,CAAC,4BAA4B,EAAE,MAAM,GAAG,EAAE,CAAC;IAC1D,MAAM,CAAC,QAAQ,CAAC,yBAAyB,EAAE,MAAM,GAAG,EAAE,CAAC;IACvD,MAAM,CAAC,QAAQ,CAAC,0BAA0B,EAAE,MAAM,GAAG,EAAE,CAAC;IAExD;;OAEG;IACH,MAAM,CAAC,QAAQ,CAAC,mCAAmC,EAAE,MAAM,GAAG,CAAC,CAAC;IAChE,MAAM,CAAC,QAAQ,CAAC,+BAA+B,EAAE,MAAM,GAAG,MAAM,CAAC;IAEjE;;OAEG;IACH,MAAM,CAAC,QAAQ,CAAC,uCAAuC,EAAE,MAAM,GAAG,EAAE,CAAC;IACrE,MAAM,CAAC,QAAQ,CAAC,4CAA4C,EAAE,MAAM,GAAG,GAAG,CAAC;IAC3E,MAAM,CAAC,QAAQ,CAAC,2CAA2C,EAAE,MAAM,GAAG,GAAG,CAAC;CAC3E;AAED;;GAEG;AACH,MAAM,CAAC,KAAK,MAAM,YAAY;IAC5B,QAAQ,IAAI;IACZ,OAAO,IAAI;IACX,UAAU,IAAI;IACd,OAAO,IAAI;IACX,IAAI,IAAI;CACT;AAED;;GAEG;AACH,MAAM,CAAC,KAAK,MAAM,SAAS;IACzB,OAAO,IAAI;IACX,OAAO,IAAI;IACX,IAAI,IAAI;CACT;AAED;;GAEG;AACH,MAAM,CAAC,KAAK,MAAM,WAAW;IAC3B,IAAI,qBAAqB;CAC1B",
    "entry-package-info": "entry|1.0.0",
    "package-info": "daysmatter|1.0.0"
  },
  "entry|daysmatter|1.0.0|src/main/ets/common/utils/HttpUtil.ts": {
    "version": 3,
    "file": "HttpUtil.ets",
    "sourceRoot": "",
    "sources": [
      "features/daysmatter/src/main/ets/common/utils/HttpUtil.ets"
    ],
    "names": [],
    "mappings": ";OAgBO,cAAc;OACd,EAAE,cAAc,IAAI,KAAK,EAAe;cAAb,WAAW;AAG7C;;;;;GAKG;AACH,MAAM,UAAU,cAAc,CAAC,GAAG,EAAE,MAAM,GAAG,OAAO,CAAC,cAAc,CAAC;IAClE,IAAI,WAAW,GAAG,IAAI,CAAC,UAAU,EAAE,CAAC;IACpC,IAAI,cAAc,GAAG,WAAW,CAAC,OAAO,CAAC,GAAG,EAAE;QAC5C,MAAM,EAAE,IAAI,CAAC,aAAa,CAAC,GAAG;QAC9B,WAAW,EAAE,KAAK,CAAC,iBAAiB;QACpC,MAAM,EAAE;YACN,cAAc,oBAAkB;SACjC;QACD,cAAc,EAAE,KAAK,CAAC,iBAAiB;QACvC,SAAS,EAAE,EAAE;KACd,CAAC,CAAC;IACH,IAAI,UAAU,EAAE,cAAc,GAAG,IAAI,cAAc,EAAE,CAAC;IACtD,kCAAkC;IAClC,OAAO,cAAc,CAAC,IAAI,CAAC,CAAC,KAAK,EAAE,IAAI,CAAC,YAAY,EAAE,EAAE;QACtD,IAAI,KAAK,CAAC,YAAY,KAAK,KAAK,CAAC,aAAa,EAAE;YAC9C,6BAA6B;YAC7B,IAAI,MAAM,GAAG,GAAG,KAAK,CAAC,MAAM,EAAE,CAAC;YAC/B,IAAI,UAAU,EAAE,cAAc,GAAG,IAAI,CAAC,KAAK,CAAC,MAAM,CAAC,CAAC;YACpD,IAAI,UAAU,CAAC,IAAI,KAAK,KAAK,CAAC,mBAAmB,EAAE;gBACjD,UAAU,CAAC,IAAI,GAAG,UAAU,CAAC,IAAI,CAAC;aACnC;YACD,UAAU,CAAC,IAAI,GAAG,UAAU,CAAC,IAAI,CAAC;YAClC,UAAU,CAAC,GAAG,GAAG,UAAU,CAAC,GAAG,CAAC;SACjC;aAAM;YACL,UAAU,CAAC,GAAG,GAAG,GAAG,wGAAmC,IAAI,KAAK,CAAC,YAAY,EAAE,CAAC;SACjF;QACD,OAAO,UAAU,CAAC;IACpB,CAAC,CAAC,CAAC,KAAK,CAAC,GAAG,EAAE;QACZ,UAAU,CAAC,GAAG,2GAAsC,CAAC;QACrD,OAAO,UAAU,CAAC;IACpB,CAAC,CAAC,CAAA;AACJ,CAAC",
    "entry-package-info": "entry|1.0.0",
    "package-info": "daysmatter|1.0.0"
  },
  "entry|daysmatter|1.0.0|src/main/ets/common/utils/Logger.ts": {
    "version": 3,
    "file": "Logger.ets",
    "sourceRoot": "",
    "sources": [
      "features/daysmatter/src/main/ets/common/utils/Logger.ets"
    ],
    "names": [],
    "mappings": ";AAiBA,MAAM,aAAa,EAAE,MAAM,GAAG,cAAc,CAAC;AAE7C,MAAM,MAAM;IACV,OAAO,CAAC,MAAM,EAAE,MAAM,CAAC;IACvB,OAAO,CAAC,MAAM,EAAE,MAAM,CAAC;IAEvB,0CAA0C;IAC1C,OAAO,CAAC,MAAM,EAAE,MAAM,GAAG,wBAAwB,CAAC;IAElD;;;;;;OAMG;IACH,YAAY,MAAM,EAAE,MAAM,GAAG,EAAE,EAAE,MAAM,EAAE,MAAM,GAAG,MAAM;QACtD,IAAI,CAAC,MAAM,GAAG,MAAM,CAAC;QACrB,IAAI,CAAC,MAAM,GAAG,MAAM,CAAC;IACvB,CAAC;IAED,KAAK,CAAC,GAAG,IAAI,EAAE,MAAM,EAAE,GAAG,IAAI;QAC5B,KAAK,CAAC,KAAK,CAAC,IAAI,CAAC,MAAM,EAAE,IAAI,CAAC,MAAM,EAAE,IAAI,CAAC,MAAM,EAAE,IAAI,CAAC,CAAC;IAC3D,CAAC;IAED,IAAI,CAAC,GAAG,IAAI,EAAE,MAAM,EAAE,GAAG,IAAI;QAC3B,KAAK,CAAC,IAAI,CAAC,IAAI,CAAC,MAAM,EAAE,IAAI,CAAC,MAAM,EAAE,IAAI,CAAC,MAAM,EAAE,IAAI,CAAC,CAAC;IAC1D,CAAC;IAED,IAAI,CAAC,GAAG,IAAI,EAAE,MAAM,EAAE,GAAG,IAAI;QAC3B,KAAK,CAAC,IAAI,CAAC,IAAI,CAAC,MAAM,EAAE,IAAI,CAAC,MAAM,EAAE,IAAI,CAAC,MAAM,EAAE,IAAI,CAAC,CAAC;IAC1D,CAAC;IAED,KAAK,CAAC,GAAG,IAAI,EAAE,MAAM,EAAE,GAAG,IAAI;QAC5B,KAAK,CAAC,KAAK,CAAC,IAAI,CAAC,MAAM,EAAE,IAAI,CAAC,MAAM,EAAE,IAAI,CAAC,MAAM,EAAE,IAAI,CAAC,CAAC;IAC3D,CAAC;CACF;AAED,eAAe,IAAI,MAAM,CAAC,aAAa,CAAC,CAAC",
    "entry-package-info": "entry|1.0.0",
    "package-info": "daysmatter|1.0.0"
  },
  "entry|daysmatter|1.0.0|src/main/ets/common/utils/PullDownRefresh.ts": {
    "version": 3,
    "file": "PullDownRefresh.ets",
    "sourceRoot": "",
    "sources": [
      "features/daysmatter/src/main/ets/common/utils/PullDownRefresh.ets"
    ],
    "names": [],
    "mappings": ";OAgBO,EAAE,iBAAiB,EAAE,eAAe,EAAE;OACtC,EACL,cAAc,IAAI,KAAK,EAExB;cADC,YAAY;OAEP,aAAa;cACX,QAAQ,QAAQ,0BAA0B;YAC5C,SAAS,MAAM,2BAA2B;AAEjD,MAAM,UAAU,cAAc,CAAC,IAAI,EAAE,SAAS,EAAE,KAAK,EAAE,UAAU;IAC/D,QAAQ,KAAK,CAAC,IAAI,EAAE;QAClB,KAAK,SAAS,CAAC,IAAI;YACjB,IAAI,CAAC,KAAK,GAAG,KAAK,CAAC,OAAO,CAAC,CAAC,CAAC,CAAC,CAAC,CAAC;YAChC,IAAI,CAAC,SAAS,GAAG,KAAK,CAAC,OAAO,CAAC,CAAC,CAAC,CAAC,CAAC,CAAC;YACpC,MAAM;QACR,KAAK,SAAS,CAAC,IAAI;YACjB,IAAI,CAAC,IAAI,CAAC,YAAY,KAAK,IAAI,CAAC,IAAI,CAAC,IAAI,CAAC,SAAS,KAAK,IAAI,CAAC,EAAE;gBAC7D,OAAO;aACR;YACD,IAAI,UAAU,GAAG,KAAK,CAAC,OAAO,CAAC,CAAC,CAAC,CAAC,CAAC,GAAG,IAAI,CAAC,SAAS,GAAG,CAAC,CAAC;YACzD,IAAI,CAAC,CAAC,UAAU,KAAK,IAAI,CAAC,IAAI,CAAC,IAAI,CAAC,sBAAsB,KAAK,IAAI,CAAC,CAAC,IAAI,CAAC,IAAI,CAAC,aAAa,KAAK,KAAK,CAAC,EAAE;gBACvG,iDAAiD;gBACjD,oBAAoB,CAAC,IAAI,EAAE,KAAK,CAAC,CAAC;aACnC;iBAAM;gBACL,yCAAyC;gBACzC,iBAAiB,CAAC,IAAI,EAAE,KAAK,CAAC,CAAC;aAChC;YACD,IAAI,CAAC,SAAS,GAAG,KAAK,CAAC,OAAO,CAAC,CAAC,CAAC,CAAC,CAAC,CAAC;YACpC,MAAM;QACR,KAAK,SAAS,CAAC,MAAM;YACnB,MAAM;QACR,KAAK,SAAS,CAAC,EAAE;YACf,IAAI,CAAC,IAAI,CAAC,YAAY,KAAK,IAAI,CAAC,IAAI,CAAC,IAAI,CAAC,SAAS,KAAK,IAAI,CAAC,EAAE;gBAC7D,OAAO;aACR;YACD,IAAI,CAAC,IAAI,CAAC,sBAAsB,KAAK,IAAI,CAAC,EAAE;gBAC1C,6CAA6C;gBAC7C,kBAAkB,CAAC,IAAI,CAAC,CAAC;aAC1B;iBAAM;gBACL,mCAAmC;gBACnC,eAAe,CAAC,IAAI,CAAC,CAAC;aACvB;YACD,MAAM;QACR;YACE,MAAM;KACT;AACH,CAAC;AAED,MAAM,UAAU,oBAAoB,CAAC,IAAI,EAAE,SAAS,EAAE,KAAK,EAAE,UAAU;IACrE,IAAI,IAAI,CAAC,UAAU,KAAK,CAAC,EAAE;QACzB,IAAI,CAAC,sBAAsB,GAAG,IAAI,CAAC;QACnC,IAAI,MAAM,GAAG,KAAK,CAAC,IAAI,CAAC,qBAAqB,CAAC,CAAC;QAC/C,IAAI,CAAC,OAAO,GAAG,KAAK,CAAC,OAAO,CAAC,CAAC,CAAC,CAAC,CAAC,GAAG,IAAI,CAAC,KAAK,CAAC;QAC/C,4GAA4G;QAC5G,IAAI,IAAI,CAAC,OAAO,IAAI,MAAM,EAAE;YAC1B,gBAAgB,CAAC,IAAI,IAAuB,CAAC;YAC7C,IAAI,CAAC,OAAO,GAAG,MAAM,GAAG,IAAI,CAAC,OAAO,GAAG,KAAK,CAAC,qBAAqB,CAAC;SACpE;aAAM;YACL,gBAAgB,CAAC,IAAI,IAAwB,CAAC;SAC/C;QACD,IAAI,IAAI,CAAC,OAAO,GAAG,CAAC,EAAE;YACpB,IAAI,CAAC,OAAO,GAAG,CAAC,CAAC;YACjB,IAAI,CAAC,sBAAsB,GAAG,KAAK,CAAC;SACrC;KACF;AACH,CAAC;AAED,MAAM,UAAU,kBAAkB,CAAC,IAAI,EAAE,SAAS;IAChD,IAAI,IAAI,CAAC,YAAY,KAAK,IAAI,EAAE;QAC9B,IAAI,CAAC,OAAO,GAAG,KAAK,CAAC,IAAI,CAAC,qBAAqB,CAAC,CAAC;QACjD,gBAAgB,CAAC,IAAI,IAA0B,CAAC;QAChD,IAAI,CAAC,WAAW,GAAG,CAAC,CAAC;QACrB,UAAU,CAAC,GAAG,EAAE;YACd,IAAI,IAAI,GAAG,IAAI,CAAC;YAChB,aAAa,CAAC,WAAW,CAAC,IAAI,CAAC,WAAW,EAAE,IAAI,CAAC,QAAQ,EAAE,KAAK,CAAC,aAAa,CAAC,CAAC,IAAI,CAAC,CAAC,IAAI,EAAE,QAAQ,EAAE,EAAE,EAAE;gBACxG,IAAI,IAAI,CAAC,MAAM,KAAK,IAAI,CAAC,QAAQ,EAAE;oBACjC,IAAI,CAAC,OAAO,GAAG,IAAI,CAAC;oBACpB,IAAI,CAAC,WAAW,EAAE,CAAC;iBACpB;qBAAM;oBACL,IAAI,CAAC,OAAO,GAAG,KAAK,CAAC;iBACtB;gBACD,IAAI,CAAC,QAAQ,GAAG,IAAI,CAAC;gBACrB,YAAY,CAAC,IAAI,EAAE,IAAI,CAAC,CAAC;YAC3B,CAAC,CAAC,CAAC,KAAK,CAAC,CAAC,GAAG,EAAE,MAAM,GAAG,QAAQ,EAAE,EAAE;gBAClC,YAAY,CAAC,SAAS,CAAC,EAAE,OAAO,EAAE,GAAG,EAAE,CAAC,CAAC;gBACzC,kCAAkC;gBAClC,YAAY,CAAC,IAAI,EAAE,KAAK,CAAC,CAAC;YAC5B,CAAC,CAAC,CAAC;QACL,CAAC,EAAE,KAAK,CAAC,UAAU,CAAC,CAAC;KACtB;SAAM;QACL,YAAY,CAAC,IAAI,EAAE,KAAK,CAAC,CAAC;KAC3B;AACH,CAAC;AAED,MAAM,UAAU,gBAAgB,CAAC,IAAI,EAAE,SAAS,EAAE,KAAK,EAAE,MAAM;IAC7D,QAAQ,KAAK,EAAE;QACb;YACE,IAAI,CAAC,mBAAmB,2GAA0C,CAAC;YACnE,IAAI,CAAC,oBAAoB,2GAAuC,CAAC;YACjE,IAAI,CAAC,YAAY,GAAG,KAAK,CAAC;YAC1B,IAAI,CAAC,YAAY,GAAG,KAAK,CAAC;YAC1B,IAAI,CAAC,iBAAiB,GAAG,IAAI,CAAC;YAC9B,MAAM;QACR;YACE,IAAI,CAAC,mBAAmB,2GAAwC,CAAC;YACjE,IAAI,CAAC,oBAAoB,2GAAqC,CAAC;YAC/D,IAAI,CAAC,YAAY,GAAG,IAAI,CAAC;YACzB,IAAI,CAAC,YAAY,GAAG,KAAK,CAAC;YAC1B,MAAM;QACR;YACE,IAAI,CAAC,OAAO,GAAG,KAAK,CAAC,IAAI,CAAC,qBAAqB,CAAC,CAAC;YACjD,IAAI,CAAC,mBAAmB,2GAAmC,CAAC;YAC5D,IAAI,CAAC,oBAAoB,2GAAkC,CAAC;YAC5D,IAAI,CAAC,YAAY,GAAG,IAAI,CAAC;YACzB,IAAI,CAAC,YAAY,GAAG,IAAI,CAAC;YACzB,MAAM;QACR;YACE,IAAI,CAAC,mBAAmB,2GAAwC,CAAC;YACjE,IAAI,CAAC,oBAAoB,2GAAqC,CAAC;YAC/D,IAAI,CAAC,YAAY,GAAG,IAAI,CAAC;YACzB,IAAI,CAAC,YAAY,GAAG,IAAI,CAAC;YACzB,MAAM;QACR;YACE,IAAI,CAAC,mBAAmB,2GAAqC,CAAC;YAC9D,IAAI,CAAC,oBAAoB,2GAAkC,CAAC;YAC5D,IAAI,CAAC,YAAY,GAAG,IAAI,CAAC;YACzB,IAAI,CAAC,YAAY,GAAG,IAAI,CAAC;YACzB,MAAM;QACR;YACE,MAAM;KACT;AACH,CAAC;AAED,MAAM,UAAU,YAAY,CAAC,IAAI,EAAE,SAAS,EAAE,gBAAgB,EAAE,OAAO;IACrE,IAAI,IAAI,GAAG,IAAI,CAAC;IAChB,UAAU,CAAC,GAAG,EAAE;QACd,IAAI,KAAK,GAAG,KAAK,CAAC,uCAAuC,CAAC;QAC1D,IAAI,IAAI,CAAC,YAAY,KAAK,IAAI,EAAE;YAC9B,gBAAgB,CAAC,IAAI,EAAE,gBAAgB,CAAC,CAAC,GAAsB,CAAC,EAAkB,CAAC,CAAC;YACpF,KAAK,GAAG,KAAK,CAAC,2CAA2C,CAAC;SAC3D;QACD,kBAAU;YACR,QAAQ,EAAE,KAAK,CAAC,4CAA4C;YAC5D,KAAK,EAAE,KAAK;YACZ,QAAQ,EAAE,GAAG,EAAE;gBACb,gBAAgB,CAAC,IAAI,IAAwB,CAAC;gBAC9C,IAAI,CAAC,iBAAiB,GAAG,KAAK,CAAC;gBAC/B,IAAI,CAAC,sBAAsB,GAAG,KAAK,CAAC;YACtC,CAAC;SACF,EAAE,GAAG,EAAE;YACN,IAAI,CAAC,OAAO,GAAG,CAAC,CAAC;QACnB,CAAC,CAAC,CAAA;IACJ,CAAC,EAAE,IAAI,CAAC,YAAY,CAAC,CAAC,CAAC,KAAK,CAAC,wBAAwB,CAAC,CAAC,CAAC,CAAC,CAAC,CAAC;AAC7D,CAAC",
    "entry-package-info": "entry|1.0.0",
    "package-info": "daysmatter|1.0.0"
  },
  "entry|daysmatter|1.0.0|src/main/ets/common/utils/PullUpLoadMore.ts": {
    "version": 3,
    "file": "PullUpLoadMore.ets",
    "sourceRoot": "",
    "sources": [
      "features/daysmatter/src/main/ets/common/utils/PullUpLoadMore.ets"
    ],
    "names": [],
    "mappings": ";OAgBO,EAAE,cAAc,IAAI,KAAK,EAAE;OAC3B,aAAa;cACX,QAAQ,QAAQ,0BAA0B;YAC5C,SAAS,MAAM,2BAA2B;AAEjD,MAAM,UAAU,iBAAiB,CAAC,IAAI,EAAE,SAAS,EAAE,KAAK,EAAE,UAAU;IAClE,IAAI,IAAI,CAAC,QAAQ,KAAK,IAAI,CAAC,QAAQ,CAAC,MAAM,GAAG,CAAC,IAAI,IAAI,CAAC,QAAQ,KAAK,IAAI,CAAC,QAAQ,CAAC,MAAM,EAAE;QACxF,IAAI,CAAC,OAAO,GAAG,KAAK,CAAC,OAAO,CAAC,CAAC,CAAC,CAAC,CAAC,GAAG,IAAI,CAAC,KAAK,CAAC;QAC/C,IAAI,IAAI,CAAC,GAAG,CAAC,IAAI,CAAC,OAAO,CAAC,GAAG,KAAK,CAAC,IAAI,CAAC,gBAAgB,CAAC,GAAG,CAAC,EAAE;YAC7D,IAAI,CAAC,aAAa,GAAG,IAAI,CAAC;YAC1B,IAAI,CAAC,mBAAmB,GAAG,IAAI,CAAC;YAChC,IAAI,CAAC,OAAO,GAAG,CAAC,KAAK,CAAC,IAAI,CAAC,gBAAgB,CAAC,GAAG,IAAI,CAAC,OAAO,GAAG,KAAK,CAAC,qBAAqB,CAAC;SAC3F;KACF;AACH,CAAC;AAED,MAAM,UAAU,eAAe,CAAC,IAAI,EAAE,SAAS;IAC7C,IAAI,IAAI,GAAG,IAAI,CAAC;IAChB,kBAAU;QACR,QAAQ,EAAE,KAAK,CAAC,kBAAkB;KACnC,EAAE,GAAG,EAAE;QACN,IAAI,CAAC,OAAO,GAAG,CAAC,CAAC;IACnB,CAAC,CAAC,CAAA;IACF,IAAI,CAAC,IAAI,CAAC,aAAa,KAAK,IAAI,CAAC,IAAI,CAAC,IAAI,CAAC,OAAO,KAAK,IAAI,CAAC,EAAE;QAC5D,IAAI,CAAC,SAAS,GAAG,IAAI,CAAC;QACtB,UAAU,CAAC,GAAG,EAAE;YACd,aAAa,CAAC,IAAI,CAAC,CAAC;YACpB,aAAa,CAAC,WAAW,CAAC,IAAI,CAAC,WAAW,EAAE,IAAI,CAAC,QAAQ,EAAE,KAAK,CAAC,aAAa,CAAC,CAAC,IAAI,CAAC,CAAC,IAAI,EAAE,QAAQ,EAAE,EAAE,EAAE;gBACxG,IAAI,IAAI,CAAC,MAAM,KAAK,IAAI,CAAC,QAAQ,EAAE;oBACjC,IAAI,CAAC,WAAW,EAAE,CAAC;oBACnB,IAAI,CAAC,OAAO,GAAG,IAAI,CAAC;iBACrB;qBAAM;oBACL,IAAI,CAAC,OAAO,GAAG,KAAK,CAAC;iBACtB;gBACD,IAAI,CAAC,QAAQ,GAAG,IAAI,CAAC,QAAQ,CAAC,MAAM,CAAC,IAAI,CAAC,CAAC;YAC7C,CAAC,CAAC,CAAC,KAAK,CAAC,CAAC,GAAG,EAAE,MAAM,GAAG,QAAQ,EAAE,EAAE;gBAClC,YAAY,CAAC,SAAS,CAAC,EAAE,OAAO,EAAE,GAAG,EAAE,CAAC,CAAC;YAC3C,CAAC,CAAC,CAAA;QACJ,CAAC,EAAE,KAAK,CAAC,UAAU,CAAC,CAAC;KACtB;SAAM;QACL,aAAa,CAAC,IAAI,CAAC,CAAC;KACrB;AACH,CAAC;AAED,MAAM,UAAU,aAAa,CAAC,IAAI,EAAE,SAAS;IAC3C,IAAI,CAAC,aAAa,GAAG,KAAK,CAAC;IAC3B,IAAI,CAAC,SAAS,GAAG,KAAK,CAAC;IACvB,IAAI,CAAC,mBAAmB,GAAG,KAAK,CAAC;AACnC,CAAC",
    "entry-package-info": "entry|1.0.0",
    "package-info": "daysmatter|1.0.0"
  },
  "entry|daysmatter|1.0.0|src/main/ets/view/CustomRefreshLoadLayout.ts": {
    "version": 3,
    "file": "CustomRefreshLoadLayout.ets",
    "sourceRoot": "",
    "sources": [
      "features/daysmatter/src/main/ets/view/CustomRefreshLoadLayout.ets"
    ],
    "names": [],
    "mappings": ";;;;IAwBc,sBAAsB,GAAE,4BAA4B;;cATzD,4BAA4B,QAAQ,uBAAuB;OAC7D,EAAE,cAAc,IAAI,KAAK,EAAE;AAOlC,MAAM,CAAC,OAAO,OAAQ,YAAY;IADlC;;;;;;;;KAL+C;;;;;;;;;;;;;;;IAO7C,+DAAoC,4BAA4B,EAAC;QAArD,sBAAsB;;;IAElC;;YACE,GAAG;;YAAH,GAAG,CAaF,IAAI,CAAC,IAAI;YAbV,GAAG,CAcF,KAAK,CAAC,KAAK,CAAC,UAAU;YAdvB,GAAG,CAeF,cAAc,CAAC,SAAS,CAAC,MAAM;YAfhC,GAAG,CAgBF,MAAM,CAAC,IAAI,CAAC,sBAAsB,CAAC,WAAW;;;YAf7C,KAAK,QAAC,IAAI,CAAC,sBAAsB,CAAC,QAAQ;;YAA1C,KAAK,CACF,KAAK,CAAC,KAAK,CAAC,yBAAyB;YADxC,KAAK,CAEF,MAAM,CAAC,KAAK,CAAC,0BAA0B;;;YAE1C,IAAI,QAAC,IAAI,CAAC,sBAAsB,CAAC,SAAS;;YAA1C,IAAI,CACD,MAAM,CAAC;gBACN,IAAI,EAAE,KAAK,CAAC,8BAA8B;gBAC1C,MAAM,EAAE,KAAK,CAAC,gCAAgC;aAC/C;YAJH,IAAI,CAKD,QAAQ,CAAC,KAAK,CAAC,4BAA4B;YAL9C,IAAI,CAMD,SAAS,CAAC,SAAS,CAAC,MAAM;;QAN7B,IAAI;QALN,GAAG;KAiBJ",
    "entry-package-info": "entry|1.0.0",
    "package-info": "daysmatter|1.0.0"
  },
  "entry|daysmatter|1.0.0|src/main/ets/view/LoadMoreLayout.ts": {
    "version": 3,
    "file": "LoadMoreLayout.ets",
    "sourceRoot": "",
    "sources": [
      "features/daysmatter/src/main/ets/view/LoadMoreLayout.ets"
    ],
    "names": [],
    "mappings": ";;;;IAuBc,mBAAmB,GAAE,4BAA4B;;OARxD,uBAAuB;OACvB,EAAE,4BAA4B,EAAE;AAMvC,MAAM,CAAC,OAAO,OAAQ,cAAc;IADpC;;;;;;;;KALqE;;;;;;;;;;;;;;;IAOnE,4DAAiC,4BAA4B,EAAC;QAAlD,mBAAmB;;;IAE/B;;YACE,MAAM;;;;;YACJ,IAAI,IAAI,CAAC,mBAAmB,CAAC,SAAS,EAAE;;;;;wDACtC,uBAAuB,OAAC;oCACtB,sBAAsB,EAAE,IAAI,4BAA4B,CAAC,IAAI,CAAC,mBAAmB,CAAC,SAAS,EACzF,IAAI,CAAC,mBAAmB,CAAC,QAAQ,EAAE,IAAI,CAAC,mBAAmB,CAAC,SAAS,EAAE,IAAI,CAAC,mBAAmB,CAAC,WAAW,CAAC;iCAC/G;;;;wCAFC,sBAAsB,EAAE,IAAI,4BAA4B,CAAC,IAAI,CAAC,mBAAmB,CAAC,SAAS,EACzF,IAAI,CAAC,mBAAmB,CAAC,QAAQ,EAAE,IAAI,CAAC,mBAAmB,CAAC,SAAS,EAAE,IAAI,CAAC,mBAAmB,CAAC,WAAW,CAAC;;;;;;;oCAD9G,sBAAsB,EAAE,IAAI,4BAA4B,CAAC,IAAI,CAAC,mBAAmB,CAAC,SAAS,EACzF,IAAI,CAAC,mBAAmB,CAAC,QAAQ,EAAE,IAAI,CAAC,mBAAmB,CAAC,SAAS,EAAE,IAAI,CAAC,mBAAmB,CAAC,WAAW,CAAC;;;;;;aAEjH;iBAAM;;;;;wDACL,uBAAuB,OAAC;oCACtB,sBAAsB,EAAE,IAAI,4BAA4B,CAAC,IAAI,CAAC,mBAAmB,CAAC,SAAS,EACzF,IAAI,CAAC,mBAAmB,CAAC,QAAQ,EAAE,IAAI,CAAC,mBAAmB,CAAC,SAAS,EAAE,CAAC,CAAC;iCAC5E;;;;wCAFC,sBAAsB,EAAE,IAAI,4BAA4B,CAAC,IAAI,CAAC,mBAAmB,CAAC,SAAS,EACzF,IAAI,CAAC,mBAAmB,CAAC,QAAQ,EAAE,IAAI,CAAC,mBAAmB,CAAC,SAAS,EAAE,CAAC,CAAC;;;;;;;oCAD3E,sBAAsB,EAAE,IAAI,4BAA4B,CAAC,IAAI,CAAC,mBAAmB,CAAC,SAAS,EACzF,IAAI,CAAC,mBAAmB,CAAC,QAAQ,EAAE,IAAI,CAAC,mBAAmB,CAAC,SAAS,EAAE,CAAC,CAAC;;;;;;aAE9E;;;QAXH,MAAM;KAaP",
    "entry-package-info": "entry|1.0.0",
    "package-info": "daysmatter|1.0.0"
  },
  "entry|daysmatter|1.0.0|src/main/ets/view/NewsItem.ts": {
    "version": 3,
    "file": "NewsItem.ets",
    "sourceRoot": "",
    "sources": [
      "features/daysmatter/src/main/ets/view/NewsItem.ets"
    ],
    "names": [],
    "mappings": ";;;;IAuBU,QAAQ,GAAE,QAAQ;;OARrB,EAAE,QAAQ,EAAY;cAAV,QAAQ;OACpB,EAAE,cAAc,IAAI,KAAK,EAAE;AAMlC,MAAM,CAAC,OAAO,OAAQ,QAAQ;IAD9B;;;;;wBAE+B,IAAI,QAAQ,EAAE;;;KAP+B;;;;;;;;;;;;;;IAO1E,OAAO,WAAW,QAAQ,CAAkB;IAE5C;;YACE,MAAM;;YAAN,MAAM,CAwDL,UAAU,CAAC,eAAe,CAAC,KAAK;;;YAvD/B,GAAG;;;;YACD,KAAK;;YAAL,KAAK,CACF,KAAK,CAAC,KAAK,CAAC,qBAAqB;YADpC,KAAK,CAEF,MAAM,CAAC,KAAK,CAAC,sBAAsB;YAFtC,KAAK,CAGF,MAAM,CAAC;gBACN,GAAG,EAAE,KAAK,CAAC,0BAA0B;gBACrC,IAAI,EAAE,KAAK,CAAC,2BAA2B;aACxC;YANH,KAAK,CAOF,SAAS,CAAC,QAAQ,CAAC,IAAI;;;YAC1B,IAAI,QAAC,IAAI,CAAC,QAAQ,CAAC,KAAK;;YAAxB,IAAI,CACD,QAAQ,CAAC,KAAK,CAAC,wBAAwB;YAD1C,IAAI,CAED,SAAS;YAFZ,IAAI,CAGD,MAAM,CAAC,KAAK,CAAC,qBAAqB;YAHrC,IAAI,CAID,KAAK,CAAC,KAAK,CAAC,oBAAoB;YAJnC,IAAI,CAKD,QAAQ,CAAC,KAAK,CAAC,wBAAwB;YAL1C,IAAI,CAMD,MAAM,CAAC,EAAE,IAAI,EAAE,KAAK,CAAC,0BAA0B,EAAE,GAAG,EAAE,KAAK,CAAC,yBAAyB,EAAE;YAN1F,IAAI,CAOD,YAAY,CAAC,EAAE,QAAQ,EAAE,YAAY,CAAC,QAAQ,EAAE;YAPnD,IAAI,CAQD,UAAU,CAAC,KAAK,CAAC,0BAA0B;;QAR9C,IAAI;QATN,GAAG;;YAoBH,IAAI,QAAC,IAAI,CAAC,QAAQ,CAAC,OAAO;;YAA1B,IAAI,CACD,QAAQ,CAAC,KAAK,CAAC,qBAAqB;YADvC,IAAI,CAED,SAAS;YAFZ,IAAI,CAGD,MAAM,CAAC,KAAK,CAAC,kBAAkB;YAHlC,IAAI,CAID,KAAK,CAAC,KAAK,CAAC,iBAAiB;YAJhC,IAAI,CAKD,QAAQ,CAAC,KAAK,CAAC,qBAAqB;YALvC,IAAI,CAMD,MAAM,CAAC,EAAE,IAAI,EAAE,KAAK,CAAC,uBAAuB,EAAE,GAAG,EAAE,KAAK,CAAC,sBAAsB,EAAE;YANpF,IAAI,CAOD,YAAY,CAAC,EAAE,QAAQ,EAAE,YAAY,CAAC,QAAQ,EAAE;;QAPnD,IAAI;;YASJ,IAAI;;YAAJ,IAAI,CASH,eAAe,CAAC,MAAM,CAAC,MAAM,CAAC,IAAI,CAAC,QAAQ,CAAC,SAAS,CAAC,MAAM,CAAC;YAT9D,IAAI,CAUH,UAAU,CAAC,KAAK,CAAC,oBAAoB;YAVtC,IAAI,CAWH,YAAY,CAAC,KAAK,CAAC,sBAAsB;YAX1C,IAAI,CAYH,KAAK,CAAC,KAAK,CAAC,cAAc;YAZ3B,IAAI,CAaH,MAAM,CAAC,KAAK,CAAC,eAAe;YAb7B,IAAI,CAcH,MAAM,CAAC,EAAE,IAAI,EAAE,KAAK,CAAC,oBAAoB,EAAE,GAAG,EAAE,KAAK,CAAC,mBAAmB;gBACxE,KAAK,EAAE,KAAK,CAAC,qBAAqB,EAAE;;;YAdpC,OAAO;;;;;;;;;;;4BAEH,KAAK,QAAC,KAAK,CAAC,MAAM,GAAG,OAAO,CAAC,GAAG;;4BAAhC,KAAK,CACF,SAAS,CAAC,QAAQ,CAAC,KAAK;4BAD3B,KAAK,CAEF,YAAY,CAAC,KAAK,CAAC,4BAA4B;;wBAHpD,QAAQ;;;;;+CADF,IAAI,CAAC,QAAQ,CAAC,SAAS,0BAM5B,CAAC,OAAO,EAAE,QAAQ,EAAE,KAAK,CAAC,EAAE,MAAM,EAAE,EAAE,CAAC,IAAI,CAAC,SAAS,CAAC,OAAO,CAAC,GAAG,KAAK;;QANzE,OAAO;QADT,IAAI;;YAiBJ,IAAI,QAAC,IAAI,CAAC,QAAQ,CAAC,MAAM;;YAAzB,IAAI,CACD,QAAQ,CAAC,KAAK,CAAC,oBAAoB;YADtC,IAAI,CAED,SAAS;YAFZ,IAAI,CAGD,MAAM,CAAC,KAAK,CAAC,iBAAiB;YAHjC,IAAI,CAID,KAAK,CAAC,KAAK,CAAC,gBAAgB;YAJ/B,IAAI,CAKD,QAAQ,CAAC,KAAK,CAAC,oBAAoB;YALtC,IAAI,CAMD,MAAM,CAAC,EAAE,IAAI,EAAE,KAAK,CAAC,sBAAsB,EAAE,GAAG,EAAE,KAAK,CAAC,qBAAqB,EAAE;YANlF,IAAI,CAOD,YAAY,CAAC,EAAE,QAAQ,EAAE,YAAY,CAAC,IAAI,EAAE;;QAP/C,IAAI;QA/CN,MAAM;KAyDP",
    "entry-package-info": "entry|1.0.0",
    "package-info": "daysmatter|1.0.0"
  },
  "entry|daysmatter|1.0.0|src/main/ets/view/NewsList.ts": {
    "version": 3,
    "file": "NewsList.ets",
    "sourceRoot": "",
    "sources": [
      "features/daysmatter/src/main/ets/view/NewsList.ets"
    ],
    "names": [],
    "mappings": ";;;;IAmCS,SAAS,GAAE,SAAS;IACI,YAAY,GAAE,MAAM;;;OApB9C,EACL,cAAc,IAAI,KAAK,EAExB;cADC,SAAS;OAEJ,QAAQ;OACR,cAAc;OACd,aAAa;OACb,uBAAuB;OACvB,EAAE,4BAA4B,EAAY;cAAV,QAAQ;OACxC,EAAE,cAAc,EAAE;OAClB,aAAa;OACb,YAAY;OACZ,SAAS;AAMhB,MAAM,CAAC,OAAO,OAAQ,QAAQ;IAD9B;;;;;wDAEgC,IAAI,SAAS,EAAE;;;;;KAPA;;;;;;;;;;;;;;;;;;IAO7C,8CAAkB,SAAS,EAAmB;QAAvC,SAAS;;;QAAT,SAAS,WAAE,SAAS;;;IAC3B,sDAA6C,MAAM,EAAC;QAArB,YAAY;;;QAAZ,YAAY,WAAE,MAAM;;;IAEnD,cAAc;QACZ,IAAI,CAAC,SAAS,CAAC,WAAW,GAAG,CAAC,CAAC;QAC/B,aAAa,CAAC,WAAW,CAAC,IAAI,CAAC,SAAS,CAAC,WAAW,EAAE,IAAI,CAAC,SAAS,CAAC,QAAQ,EAAE,KAAK,CAAC,aAAa,CAAC;aAChG,IAAI,CAAC,CAAC,IAAI,EAAE,QAAQ,EAAE,EAAE,EAAE;YACzB,IAAI,CAAC,SAAS,CAAC,SAAS,IAAoB,CAAC;YAC7C,IAAI,IAAI,CAAC,MAAM,KAAK,IAAI,CAAC,SAAS,CAAC,QAAQ,EAAE;gBAC3C,IAAI,CAAC,SAAS,CAAC,WAAW,EAAE,CAAC;gBAC7B,IAAI,CAAC,SAAS,CAAC,OAAO,GAAG,IAAI,CAAC;aAC/B;iBAAM;gBACL,IAAI,CAAC,SAAS,CAAC,OAAO,GAAG,KAAK,CAAC;aAChC;YACD,IAAI,CAAC,SAAS,CAAC,QAAQ,GAAG,IAAI,CAAC;QACjC,CAAC,CAAC;aACD,KAAK,CAAC,CAAC,GAAG,EAAE,MAAM,GAAG,QAAQ,EAAE,EAAE;YAChC,YAAY,CAAC,SAAS,CAAC;gBACrB,OAAO,EAAE,GAAG;gBACZ,QAAQ,EAAE,KAAK,CAAC,kBAAkB;aACnC,CAAC,CAAC;YACH,IAAI,CAAC,SAAS,CAAC,SAAS,IAAiB,CAAC;QAC5C,CAAC,CAAC,CAAC;IACP,CAAC;IAED,aAAa;QACX,qBAAqB;QACrB,IAAI,CAAC,cAAc,EAAE,CAAC;IACxB,CAAC;IAED;;YACE,MAAM;;YAAN,MAAM,CASL,KAAK,CAAC,KAAK,CAAC,UAAU;YATvB,MAAM,CAUL,MAAM,CAAC,KAAK,CAAC,WAAW;YAVzB,MAAM,CAWL,cAAc,CAAC,SAAS,CAAC,MAAM;YAXhC,MAAM,CAYL,OAAO,CAAC,CAAC,KAAK,EAAE,UAAU,GAAG,SAAS,EAAE,EAAE;gBACzC,IAAI,KAAK,EAAE;oBACT,IAAI,IAAI,CAAC,SAAS,CAAC,SAAS,MAAsB,EAAE;wBAClD,cAAc,CAAC,IAAI,CAAC,SAAS,EAAE,KAAK,CAAC,CAAC;qBACvC;iBACF;YACH,CAAC;;;;YAjBC,IAAI,IAAI,CAAC,SAAS,CAAC,SAAS,MAAsB,EAAE;;oBAClD,IAAI,CAAC,UAAU,aAAE;;aAClB;iBAAM,IAAI,IAAI,CAAC,SAAS,CAAC,SAAS,MAAsB,EAAE;;oBACzD,IAAI,CAAC,aAAa,aAAE;;aACrB;iBAAM;;oBACL,IAAI,CAAC,UAAU,aAAE;;aAClB;;;QAPH,MAAM;KAmBP;IAEQ,aAAa;;;;4CACpB,uBAAuB,OAAC,EAAE,sBAAsB,EAAE,IAAI,4BAA4B,CAAC,IAAI,sNAChB,IAAI,CAAC,SAAS,CAAC,qBAAqB,CAAC,EAAE;;;;4BADpF,sBAAsB,EAAE,IAAI,4BAA4B,CAAC,IAAI,sNAChB,IAAI,CAAC,SAAS,CAAC,qBAAqB,CAAC;;;;;;;wBADlF,sBAAsB,EAAE,IAAI,4BAA4B,CAAC,IAAI,sNAChB,IAAI,CAAC,SAAS,CAAC,qBAAqB,CAAC;;;;;KAC7G;IAEQ,UAAU;;YACjB,IAAI;;YAAJ,IAAI,CA6BH,KAAK,CAAC,KAAK,CAAC,2BAA2B;YA7BxC,IAAI,CA8BH,MAAM,CAAC,KAAK,CAAC,WAAW;YA9BzB,IAAI,CA+BH,MAAM,CAAC,EAAE,IAAI,EAAE,KAAK,CAAC,iCAAiC,EAAE,KAAK,EAAE,KAAK,CAAC,kCAAkC,EAAE;YA/B1G,IAAI,CAgCH,eAAe;YAhChB,IAAI,CAiCH,OAAO,CAAC;gBACP,KAAK,0GAA8B;gBACnC,WAAW,EAAE,KAAK,CAAC,0CAA0C;gBAC7D,SAAS,EAAE,KAAK,CAAC,kCAAkC;aACpD;YArCD,IAAI,CAuCH,UAAU,CAAC,UAAU,CAAC,IAAI;YAvC3B,IAAI,CAwCH,MAAM,CAAC,EAAE,CAAC,EAAE,CAAC,EAAE,CAAC,EAAE,GAAG,IAAI,CAAC,SAAS,CAAC,OAAO,IAAI,EAAE;YAxClD,IAAI,CAyCH,aAAa,CAAC,CAAC,KAAK,EAAE,MAAM,EAAE,GAAG,EAAE,MAAM,EAAE,EAAE;gBAC5C,iDAAiD;gBACjD,IAAI,CAAC,SAAS,CAAC,UAAU,GAAG,KAAK,CAAC;gBAClC,IAAI,CAAC,SAAS,CAAC,QAAQ,GAAG,GAAG,CAAC;YAChC,CAAC;;;;;;;oBA5CC,QAAQ;;;;;;;;;;;;;oDACN,aAAa,OAAC;gCACZ,kBAAkB,EAAE,IAAI,4BAA4B,CAAC,IAAI,CAAC,SAAS,CAAC,iBAAiB,EAAE,IAAI,CAAC,SAAS,CAAC,oBAAoB,EACxH,IAAI,CAAC,SAAS,CAAC,mBAAmB,EAAE,IAAI,CAAC,SAAS,CAAC,qBAAqB,CAAC;6BAC5E;;;;oCAFC,kBAAkB,EAAE,IAAI,4BAA4B,CAAC,IAAI,CAAC,SAAS,CAAC,iBAAiB,EAAE,IAAI,CAAC,SAAS,CAAC,oBAAoB,EACxH,IAAI,CAAC,SAAS,CAAC,mBAAmB,EAAE,IAAI,CAAC,SAAS,CAAC,qBAAqB,CAAC;;;;;;;gCAD3E,kBAAkB,EAAE,IAAI,4BAA4B,CAAC,IAAI,CAAC,SAAS,CAAC,iBAAiB,EAAE,IAAI,CAAC,SAAS,CAAC,oBAAoB,EACxH,IAAI,CAAC,SAAS,CAAC,mBAAmB,EAAE,IAAI,CAAC,SAAS,CAAC,qBAAqB,CAAC;;;;;gBAH/E,QAAQ;;;YAAR,QAAQ;;;YAOR,OAAO;;;;;;;;4BACL,QAAQ;;;;;;wBAAR,QAAQ,CAGP,MAAM,CAAC,KAAK,CAAC,4BAA4B;wBAH1C,QAAQ,CAIP,eAAe;wBAJhB,QAAQ,CAKP,MAAM,CAAC,EAAE,GAAG,EAAE,KAAK,CAAC,gCAAgC,EAAE;wBALvD,QAAQ,CAMP,YAAY,CAAC,KAAK,CAAC,mCAAmC;;;;;;;;4DALrD,QAAQ,OAAC,EAAE,QAAQ,EAAE,IAAI,EAAE;;;;4CAAhB,QAAQ,EAAE,IAAI;;;;;;;;;;wBAD3B,QAAQ;;;oBAAR,QAAQ;;;+CADF,IAAI,CAAC,SAAS,CAAC,QAAQ,0BAQ5B,CAAC,IAAI,EAAE,QAAQ,EAAE,KAAK,CAAC,EAAE,MAAM,EAAE,EAAE,CAAC,IAAI,CAAC,SAAS,CAAC,IAAI,CAAC,GAAG,KAAK;;QARnE,OAAO;;;;;;oBAUP,QAAQ;;;;;;;;;;;;oBACN,IAAI,IAAI,CAAC,SAAS,CAAC,OAAO,EAAE;;;;;gEAC1B,cAAc,OAAC;4CACb,mBAAmB,EAAE,IAAI,4BAA4B,CAAC,IAAI,CAAC,SAAS,CAAC,mBAAmB,EAAE,IAAI,CAAC,SAAS,CAAC,eAAe,EACtH,IAAI,CAAC,SAAS,CAAC,cAAc,EAAE,IAAI,CAAC,SAAS,CAAC,gBAAgB,CAAC;yCAClE;;;;gDAFC,mBAAmB,EAAE,IAAI,4BAA4B,CAAC,IAAI,CAAC,SAAS,CAAC,mBAAmB,EAAE,IAAI,CAAC,SAAS,CAAC,eAAe,EACtH,IAAI,CAAC,SAAS,CAAC,cAAc,EAAE,IAAI,CAAC,SAAS,CAAC,gBAAgB,CAAC;;;;;;;4CADjE,mBAAmB,EAAE,IAAI,4BAA4B,CAAC,IAAI,CAAC,SAAS,CAAC,mBAAmB,EAAE,IAAI,CAAC,SAAS,CAAC,eAAe,EACtH,IAAI,CAAC,SAAS,CAAC,cAAc,EAAE,IAAI,CAAC,SAAS,CAAC,gBAAgB,CAAC;;;;;;qBAEpE;yBAAM;;;;;gEACL,YAAY;;;;;;;;;;;;;qBACb;;;gBARH,QAAQ;;;YAAR,QAAQ;;QAlBV,IAAI;KA8CL;IAEQ,UAAU;;YACjB,KAAK;;YAAL,KAAK,CACF,MAAM,CAAC,KAAK,CAAC,gCAAgC;YADhD,KAAK,CAEF,KAAK,CAAC,KAAK,CAAC,gCAAgC;;;YAC/C,IAAI;;YAAJ,IAAI,CACD,OAAO,CAAC,KAAK,CAAC,kCAAkC;YADnD,IAAI,CAED,QAAQ,CAAC,KAAK,CAAC,+BAA+B;YAFjD,IAAI,CAGD,SAAS;YAHZ,IAAI,CAID,MAAM,CAAC,EAAE,GAAG,EAAE,KAAK,CAAC,iCAAiC,EAAE;;QAJ1D,IAAI;KAKL",
    "entry-package-info": "entry|1.0.0",
    "package-info": "daysmatter|1.0.0"
  },
  "entry|daysmatter|1.0.0|src/main/ets/view/NoMoreLayout.ts": {
    "version": 3,
    "file": "NoMoreLayout.ets",
    "sourceRoot": "",
    "sources": [
      "features/daysmatter/src/main/ets/view/NoMoreLayout.ets"
    ],
    "names": [],
    "mappings": ";;;;;OAeO,EAAE,cAAc,IAAI,KAAK,EAAE;AAMlC,MAAM,CAAC,OAAO,OAAQ,YAAY;IADlC;;;;;;;KAL2E;;;;;;;;;;;IAOzE;;YACE,GAAG;;YAAH,GAAG,CAMF,KAAK,CAAC,KAAK,CAAC,UAAU;YANvB,GAAG,CAOF,cAAc,CAAC,SAAS,CAAC,MAAM;YAPhC,GAAG,CAQF,MAAM,CAAC,KAAK,CAAC,oBAAoB;;;YAPhC,IAAI;;YAAJ,IAAI,CACD,MAAM,CAAC,EAAE,IAAI,EAAE,KAAK,CAAC,mCAAmC,EAAE;YAD7D,IAAI,CAED,QAAQ,CAAC,KAAK,CAAC,+BAA+B;YAFjD,IAAI,CAGD,SAAS,CAAC,SAAS,CAAC,MAAM;;QAH7B,IAAI;QADN,GAAG;KASJ",
    "entry-package-info": "entry|1.0.0",
    "package-info": "daysmatter|1.0.0"
  },
  "entry|daysmatter|1.0.0|src/main/ets/view/RefreshLayout.ts": {
    "version": 3,
    "file": "RefreshLayout.ets",
    "sourceRoot": "",
    "sources": [
      "features/daysmatter/src/main/ets/view/RefreshLayout.ets"
    ],
    "names": [],
    "mappings": ";;;;IAuBc,kBAAkB,GAAE,4BAA4B;;OARvD,uBAAuB;OACvB,EAAE,4BAA4B,EAAE;AAMvC,MAAM,CAAC,OAAO,OAAQ,aAAa;IADnC;;;;;;;;KALqE;;;;;;;;;;;;;;;IAOnE,2DAAgC,4BAA4B,EAAC;QAAjD,kBAAkB;;;IAE9B;;YACE,MAAM;;;;;YACJ,IAAI,IAAI,CAAC,kBAAkB,CAAC,SAAS,EAAE;;;;;wDACrC,uBAAuB,OAAC,EAAE,sBAAsB,EAAE,IAAI,4BAA4B,CACjF,IAAI,CAAC,kBAAkB,CAAC,SAAS,EAAE,IAAI,CAAC,kBAAkB,CAAC,QAAQ,EAAE,IAAI,CAAC,kBAAkB,CAAC,SAAS,EACrG,IAAI,CAAC,kBAAkB,CAAC,WAAW,CAAC,EAAE;;;;wCAFd,sBAAsB,EAAE,IAAI,4BAA4B,CACjF,IAAI,CAAC,kBAAkB,CAAC,SAAS,EAAE,IAAI,CAAC,kBAAkB,CAAC,QAAQ,EAAE,IAAI,CAAC,kBAAkB,CAAC,SAAS,EACrG,IAAI,CAAC,kBAAkB,CAAC,WAAW,CAAC;;;;;;;oCAFZ,sBAAsB,EAAE,IAAI,4BAA4B,CACjF,IAAI,CAAC,kBAAkB,CAAC,SAAS,EAAE,IAAI,CAAC,kBAAkB,CAAC,QAAQ,EAAE,IAAI,CAAC,kBAAkB,CAAC,SAAS,EACrG,IAAI,CAAC,kBAAkB,CAAC,WAAW,CAAC;;;;;;aACvC;;;;aAAA;;;QALH,MAAM;KAOP",
    "entry-package-info": "entry|1.0.0",
    "package-info": "daysmatter|1.0.0"
  },
  "entry|daysmatter|1.0.0|src/main/ets/view/TabBar.ts": {
    "version": 3,
    "file": "TabBar.ets",
    "sourceRoot": "",
    "sources": [
      "features/daysmatter/src/main/ets/view/TabBar.ets"
    ],
    "names": [],
    "mappings": ";;;;IAyBS,WAAW,GAAE,aAAa,EAAE;IAC5B,YAAY,GAAE,MAAM;IACpB,WAAW,GAAE,MAAM;;OAZrB,QAAQ;OACR,EAAE,cAAc,IAAI,KAAK,EAAE;YAC3B,aAAa,MAAM,4BAA4B;OAC/C,aAAa;AAMpB,MAAM,CAAC,OAAO,OAAQ,MAAM;IAD5B;;;;;0DAEwC,aAAa,CAAC,kBAAkB,EAAE;2DAC1C,CAAC;0DACF,CAAC;;;KATuB;;;;;;;;;;;;;;;;;;;;;;;;;;IAOrD,gDAAoB,aAAa,EAAE,EAAsC;QAAlE,WAAW;;;QAAX,WAAW,WAAE,aAAa,EAAE;;;IACnC,iDAAqB,MAAM,EAAK;QAAzB,YAAY;;;QAAZ,YAAY,WAAE,MAAM;;;IAC3B,gDAAoB,MAAM,EAAK;QAAxB,WAAW;;;QAAX,WAAW,WAAE,MAAM;;;IAEjB,UAAU,CAAC,KAAK,EAAE,MAAM;;YAC/B,MAAM;;;;YACJ,IAAI,QAAC,IAAI,CAAC,WAAW,CAAC,KAAK,CAAC,CAAC,IAAI;;YAAjC,IAAI,CACD,MAAM,CAAC,KAAK,CAAC,WAAW;YAD3B,IAAI,CAED,OAAO,CAAC,EAAE,IAAI,EAAE,KAAK,CAAC,0BAA0B,EAAE,KAAK,EAAE,KAAK,CAAC,0BAA0B,EAAE;YAF9F,IAAI,CAGD,QAAQ,CAAC,IAAI,CAAC,YAAY,KAAK,KAAK,CAAC,CAAC,CAAC,KAAK,CAAC,6BAA6B,CAAC,CAAC,CAAC,KAAK,CAAC,gCAAgC;YAHtH,IAAI,CAID,UAAU,CAAC,IAAI,CAAC,YAAY,KAAK,KAAK,CAAC,CAAC,CAAC,KAAK,CAAC,+BAA+B,CAAC,CAAC,CAAC,KAAK,CAAC,kCAAkC;YAJ5H,IAAI,CAKD,SAAS;;QALZ,IAAI;QADN,MAAM;KAQP;IAED,aAAa;QACX,yBAAyB;QACzB,aAAa,CAAC,eAAe,EAAE,CAAC,IAAI,CAAC,CAAC,QAAQ,EAAE,aAAa,EAAE,EAAE,EAAE;YACjE,IAAI,CAAC,WAAW,GAAG,QAAQ,CAAC;QAC9B,CAAC,CAAC,CAAC,KAAK,CAAC,CAAC,QAAQ,EAAE,aAAa,EAAE,EAAE,EAAE;YACrC,IAAI,CAAC,WAAW,GAAG,QAAQ,CAAC;QAC9B,CAAC,CAAC,CAAC;IACL,CAAC;IAED;;YACE,IAAI;;YAAJ,IAAI,CAUH,SAAS,CAAC,KAAK,CAAC,kBAAkB;YAVnC,IAAI,CAWH,OAAO,CAAC,OAAO,CAAC,UAAU;YAX3B,IAAI,CAYH,QAAQ,CAAC,KAAK,CAAC,iBAAiB;YAZjC,IAAI,CAaH,QAAQ,CAAC,CAAC,KAAK,EAAE,MAAM,EAAE,EAAE;gBAC1B,IAAI,CAAC,YAAY,GAAG,KAAK,CAAC;gBAC1B,IAAI,CAAC,WAAW,GAAG,CAAC,CAAC;YACvB,CAAC;YAhBD,IAAI,CAiBH,QAAQ,CAAC,KAAK;;;YAhBb,OAAO;;;;;;4BAEH,MAAM;;;;;;4DACJ,QAAQ,OAAC,EAAE,YAAY,qBAAe,EAAE;;;;4CAA7B,YAAY;;;;;;;;;;wBADzB,MAAM;;+BAIP,MAAM;4BAAC,IAAI,CAAC,UAAU,YAAC,QAAQ,CAAC,EAAE;;;;;;+CAN7B,IAAI,CAAC,WAAW,0BAOrB,CAAC,IAAI,EAAE,aAAa,EAAE,EAAE,CAAC,IAAI,CAAC,SAAS,CAAC,IAAI,CAAC;;QAPhD,OAAO;QADT,IAAI;KAkBL",
    "entry-package-info": "entry|1.0.0",
    "package-info": "daysmatter|1.0.0"
  },
  "entry|daysmatter|1.0.0|src/main/ets/viewmodel/NewsData.ts": {
    "version": 3,
    "file": "NewsData.ets",
    "sourceRoot": "",
    "sources": [
      "features/daysmatter/src/main/ets/viewmodel/NewsData.ets"
    ],
    "names": [],
    "mappings": "AAAA;;;;;;;;;;;;;GAaG;AAEH;;GAEG;AACH,MAAM,OAAO,QAAQ;IACnB;;OAEG;IACH,KAAK,EAAE,MAAM,GAAG,EAAE,CAAC;IAEnB;;OAEG;IACH,OAAO,EAAE,MAAM,GAAG,EAAE,CAAC;IAErB;;OAEG;IACH,SAAS,EAAE,KAAK,CAAC,QAAQ,CAAC,GAAG,CAAC,IAAI,QAAQ,EAAE,CAAC,CAAC;IAE9C;;OAEG;IACH,MAAM,EAAE,MAAM,GAAG,EAAE,CAAC;CACrB;AAED;;GAEG;AACH,MAAM,OAAO,QAAQ;IACnB;;OAEG;IACH,EAAE,EAAE,MAAM,GAAG,CAAC,CAAC;IAEf;;OAEG;IACH,GAAG,EAAE,MAAM,GAAG,EAAE,CAAC;IAEjB;;OAEG;IACH,IAAI,EAAE,MAAM,GAAG,CAAC,CAAC;IAEjB;;OAEG;IACH,MAAM,EAAE,MAAM,GAAG,CAAC,CAAC;CACpB;AAED;;GAEG;AACH,CAAC,QAAQ;AACT,MAAM,OAAO,4BAA4B;IACvC;;OAEG;IACH,SAAS,EAAE,OAAO,CAAC;IAEnB;;OAEG;IACH,QAAQ,EAAE,QAAQ,CAAC;IAEnB;;OAEG;IACH,SAAS,EAAE,QAAQ,CAAC;IAEpB;;OAEG;IACH,WAAW,EAAE,MAAM,CAAC;IAEpB,YAAY,SAAS,EAAE,OAAO,EAAE,QAAQ,EAAE,QAAQ,EAAE,SAAS,EAAE,QAAQ,EAAE,WAAW,EAAE,MAAM;QAC1F,IAAI,CAAC,SAAS,GAAG,SAAS,CAAC;QAC3B,IAAI,CAAC,QAAQ,GAAG,QAAQ,CAAC;QACzB,IAAI,CAAC,SAAS,GAAG,SAAS,CAAC;QAC3B,IAAI,CAAC,WAAW,GAAG,WAAW,CAAC;IACjC,CAAC;CACF",
    "entry-package-info": "entry|1.0.0",
    "package-info": "daysmatter|1.0.0"
  },
  "entry|daysmatter|1.0.0|src/main/ets/viewmodel/NewsModel.ts": {
    "version": 3,
    "file": "NewsModel.ets",
    "sourceRoot": "",
    "sources": [
      "features/daysmatter/src/main/ets/viewmodel/NewsModel.ets"
    ],
    "names": [],
    "mappings": "OAAO,EAAE,cAAc,IAAI,KAAK,EAAa;cAAX,SAAS;cAClC,QAAQ,QAAQ,YAAY;AAErC,MAAM,CAAC,OAAO,OAAO,SAAS;IAC5B,QAAQ,EAAE,KAAK,CAAC,QAAQ,CAAC,GAAG,EAAE,CAAC;IAC/B,WAAW,EAAE,MAAM,GAAG,CAAC,CAAC;IACxB,QAAQ,EAAE,MAAM,GAAG,KAAK,CAAC,SAAS,CAAC;IACnC,mBAAmB,EAAE,QAAQ,4GAA2C;IACxE,oBAAoB,EAAE,QAAQ,4GAAwC;IACtE,qBAAqB,EAAE,MAAM,GAAG,KAAK,CAAC,oBAAoB,CAAC;IAC3D,iBAAiB,EAAE,OAAO,GAAG,KAAK,CAAC;IACnC,cAAc,EAAE,QAAQ,4GAAsC;IAC9D,eAAe,EAAE,QAAQ,4GAAmC;IAC5D,gBAAgB,EAAE,MAAM,GAAG,KAAK,CAAC,oBAAoB,CAAC;IACtD,mBAAmB,EAAE,OAAO,GAAG,KAAK,CAAC;IACrC,OAAO,EAAE,MAAM,GAAG,CAAC,CAAC;IACpB,SAAS,EAAE,MAAM,KAAqB;IACtC,OAAO,EAAE,OAAO,GAAG,IAAI,CAAC;IACxB,UAAU,GAAG,CAAC,CAAC;IACf,QAAQ,GAAG,CAAC,CAAC;IACb,KAAK,GAAG,CAAC,CAAC;IACV,SAAS,GAAG,CAAC,CAAC;IACd,YAAY,EAAE,OAAO,GAAG,KAAK,CAAC;IAC9B,YAAY,GAAG,KAAK,CAAC;IACrB,sBAAsB,GAAG,KAAK,CAAC;IAC/B,SAAS,EAAE,OAAO,GAAG,KAAK,CAAC;IAC3B,aAAa,EAAE,OAAO,GAAG,KAAK,CAAC;CAChC",
    "entry-package-info": "entry|1.0.0",
    "package-info": "daysmatter|1.0.0"
  },
  "entry|daysmatter|1.0.0|src/main/ets/viewmodel/NewsViewModel.ts": {
    "version": 3,
    "file": "NewsViewModel.ets",
    "sourceRoot": "",
    "sources": [
      "features/daysmatter/src/main/ets/viewmodel/NewsViewModel.ets"
    ],
    "names": [],
    "mappings": "OAeO,EAAE,cAAc,IAAI,KAAK,EAAE;cACzB,QAAQ,QAAQ,YAAY;YAC9B,aAAa,MAAM,iBAAiB;OACpC,EAAE,cAAc,EAAE;OAClB,MAAM;YACN,cAAc,MAAM,kBAAkB;AAE7C,MAAM,aAAa;IACjB;;;;OAIG;IACH,eAAe,IAAI,OAAO,CAAC,aAAa,EAAE,CAAC;QACzC,OAAO,IAAI,OAAO,CAAC,CAAC,OAAO,EAAE,QAAQ,EAAE,MAAM,EAAE,QAAQ,EAAE,EAAE;YACzD,IAAI,GAAG,GAAG,GAAG,KAAK,CAAC,MAAM,IAAI,KAAK,CAAC,aAAa,EAAE,CAAC;YACnD,cAAc,CAAC,GAAG,CAAC,CAAC,IAAI,CAAC,CAAC,IAAI,EAAE,cAAc,EAAE,EAAE;gBAChD,IAAI,IAAI,CAAC,IAAI,KAAK,KAAK,CAAC,mBAAmB,EAAE;oBAC3C,OAAO,CAAC,IAAI,CAAC,IAAI,CAAC,CAAC;iBACpB;qBAAM;oBACL,MAAM,CAAC,KAAK,CAAC,0BAA0B,CAAC,CAAC;iBAC1C;YACH,CAAC,CAAC,CAAC,KAAK,CAAC,GAAG,EAAE;gBACZ,MAAM,CAAC,KAAK,CAAC,0BAA0B,CAAC,CAAC;YAC3C,CAAC,CAAC,CAAC;QACL,CAAC,CAAC,CAAC;IACL,CAAC;IAED;;;;OAIG;IACH,kBAAkB,IAAI,aAAa,EAAE;QACnC,OAAO,KAAK,CAAC,0BAA0B,CAAC;IAC1C,CAAC;IAED;;;;OAIG;IACH,WAAW,CAAC,WAAW,EAAE,MAAM,EAAE,QAAQ,EAAE,MAAM,EAAE,IAAI,EAAE,MAAM,GAAG,OAAO,CAAC,QAAQ,EAAE,CAAC;QACnF,OAAO,IAAI,OAAO,CAAC,KAAK,EAAE,OAAO,EAAE,QAAQ,EAAE,MAAM,EAAE,QAAQ,EAAE,EAAE;YAC/D,IAAI,GAAG,GAAG,GAAG,KAAK,CAAC,MAAM,IAAI,IAAI,EAAE,CAAC;YACpC,GAAG,IAAI,eAAe,GAAG,WAAW,GAAG,YAAY,GAAG,QAAQ,CAAC;YAC/D,cAAc,CAAC,GAAG,CAAC,CAAC,IAAI,CAAC,CAAC,IAAI,EAAE,cAAc,EAAE,EAAE;gBAChD,IAAI,IAAI,CAAC,IAAI,KAAK,KAAK,CAAC,mBAAmB,EAAE;oBAC3C,OAAO,CAAC,IAAI,CAAC,IAAI,CAAC,CAAC;iBACpB;qBAAM;oBACL,MAAM,CAAC,KAAK,CAAC,oBAAoB,EAAE,IAAI,CAAC,SAAS,CAAC,IAAI,CAAC,CAAC,CAAC;oBACzD,MAAM,0GAAgC,CAAC;iBACxC;YACH,CAAC,CAAC,CAAC,KAAK,CAAC,CAAC,GAAG,EAAE,KAAK,EAAE,EAAE;gBACtB,MAAM,CAAC,KAAK,CAAC,oBAAoB,EAAE,IAAI,CAAC,SAAS,CAAC,GAAG,CAAC,CAAC,CAAC;gBACxD,MAAM,0GAAqC,CAAC;YAC9C,CAAC,CAAC,CAAC;QACL,CAAC,CAAC,CAAC;IACL,CAAC;CACF;AAED,IAAI,aAAa,GAAG,IAAI,aAAa,EAAE,CAAC;AAExC,eAAe,aAAa,IAAI,aAAa,CAAC",
    "entry-package-info": "entry|1.0.0",
    "package-info": "daysmatter|1.0.0"
  },
  "entry|daysmatter|1.0.0|src/main/ets/viewmodel/ResponseResult.ts": {
    "version": 3,
    "file": "ResponseResult.ets",
    "sourceRoot": "",
    "sources": [
      "features/daysmatter/src/main/ets/viewmodel/ResponseResult.ets"
    ],
    "names": [],
    "mappings": "AAAA;;;;;;;;;;;GAWG;AAEH;;GAEG;AACH,MAAM,CAAC,OAAO,OAAO,cAAc;IACjC;;OAEG;IACH,IAAI,EAAE,MAAM,CAAC;IAEb;;OAEG;IACH,GAAG,EAAE,MAAM,GAAG,QAAQ,CAAC;IAEvB;;OAEG;IACH,IAAI,EAAE,MAAM,GAAG,MAAM,GAAG,WAAW,CAAC;IAEpC;QACE,IAAI,CAAC,IAAI,GAAG,EAAE,CAAC;QACf,IAAI,CAAC,GAAG,GAAG,EAAE,CAAC;QACd,IAAI,CAAC,IAAI,GAAG,EAAE,CAAC;IACjB,CAAC;CACF",
    "entry-package-info": "entry|1.0.0",
    "package-info": "daysmatter|1.0.0"
  },
  "entry|weather|1.0.0|src/main/ets/common/constant/CommonConstants.ts": {
    "version": 3,
    "file": "CommonConstants.ets",
    "sourceRoot": "",
    "sources": [
      "features/weather/src/main/ets/common/constant/CommonConstants.ets"
    ],
    "names": [],
    "mappings": "AAAA;;;;;;;;;;;;;GAaG;AAEH,MAAM,CAAC,OAAO,OAAO,cAAc;IACjC;;OAEG;IACH,MAAM,CAAC,QAAQ,CAAC,MAAM,EAAE,MAAM,GAAG,4BAA4B,CAAC;IAE9D;;OAEG;IACH,MAAM,CAAC,QAAQ,CAAC,YAAY,EAAE,MAAM,GAAG,GAAG,CAAC;IAE3C;;OAEG;IACH,MAAM,CAAC,QAAQ,CAAC,YAAY,EAAE,MAAM,GAAG,KAAK,CAAC;IAE7C;;OAEG;IACH,MAAM,CAAC,QAAQ,CAAC,eAAe,EAAE,MAAM,GAAG,KAAK,CAAC;CACjD",
    "entry-package-info": "entry|1.0.0",
    "package-info": "weather|1.0.0"
  },
  "entry|weather|1.0.0|src/main/ets/common/constant/StyleConstant.ts": {
    "version": 3,
    "file": "StyleConstant.ets",
    "sourceRoot": "",
    "sources": [
      "features/weather/src/main/ets/common/constant/StyleConstant.ets"
    ],
    "names": [],
    "mappings": "AAAA;;;;;;;;;;;;;GAaG;AAEH,MAAM,CAAC,OAAO,OAAO,cAAc;IACjC;;OAEG;IACH,MAAM,CAAC,QAAQ,CAAC,UAAU,EAAE,MAAM,GAAG,MAAM,CAAC;IAE5C;;OAEG;IACH,MAAM,CAAC,QAAQ,CAAC,WAAW,EAAE,MAAM,GAAG,MAAM,CAAC;IAE7C;;OAEG;IACH,MAAM,CAAC,QAAQ,CAAC,UAAU,EAAE,MAAM,GAAG,KAAK,CAAC;IAE3C;;OAEG;IACH,MAAM,CAAC,QAAQ,CAAC,YAAY,EAAE,MAAM,GAAG,KAAK,CAAC;CAC9C",
    "entry-package-info": "entry|1.0.0",
    "package-info": "weather|1.0.0"
  }
}