[{"time":"2024-11-06T07:59:03.980Z","category":"etsTransform","level":"warn","msg":"\u001b[33mArkTS:WARN File: E:/HarmonyOSprojects/myTime/features/clock/src/main/ets/pages/Clock.ets:179:9\n Property 'content' is private and can not be initialized through the component constructor.","type":"plugin_log","fileId":"E:/HarmonyOSprojects/myTime/features/clock/src/main/ets/pages/Clock.ets"},{"time":"2024-11-06T07:59:04.131Z","category":"etsTransform","level":"warn","msg":"\u001b[33mArkTS:WARN File: E:/HarmonyOSprojects/myTime/features/daysmatter/src/main/ets/view/LoadMoreLayout.ets:30:35\n The regular property 'new CustomRefreshLoadLayoutClass(this.loadMoreLayoutClass.isVisible,\r\n            this.loadMoreLayoutClass.imageSrc, this.loadMoreLayoutClass.textValue, this.loadMoreLayoutClass.heightValue)' cannot be assigned to the @ObjectLink property 'customRefreshLoadClass'.","type":"plugin_log","fileId":"E:/HarmonyOSprojects/myTime/features/daysmatter/src/main/ets/view/LoadMoreLayout.ets"},{"time":"2024-11-06T07:59:04.131Z","category":"etsTransform","level":"warn","msg":"\u001b[33mArkTS:WARN File: E:/HarmonyOSprojects/myTime/features/daysmatter/src/main/ets/view/LoadMoreLayout.ets:35:35\n The regular property 'new CustomRefreshLoadLayoutClass(this.loadMoreLayoutClass.isVisible,\r\n            this.loadMoreLayoutClass.imageSrc, this.loadMoreLayoutClass.textValue, 0)' cannot be assigned to the @ObjectLink property 'customRefreshLoadClass'.","type":"plugin_log","fileId":"E:/HarmonyOSprojects/myTime/features/daysmatter/src/main/ets/view/LoadMoreLayout.ets"},{"time":"2024-11-06T07:59:04.145Z","category":"etsTransform","level":"warn","msg":"\u001b[33mArkTS:WARN File: E:/HarmonyOSprojects/myTime/features/daysmatter/src/main/ets/view/RefreshLayout.ets:29:59\n The regular property 'new CustomRefreshLoadLayoutClass\r\n        (this.refreshLayoutClass.isVisible, this.refreshLayoutClass.imageSrc, this.refreshLayoutClass.textValue,\r\n          this.refreshLayoutClass.heightValue)' cannot be assigned to the @ObjectLink property 'customRefreshLoadClass'.","type":"plugin_log","fileId":"E:/HarmonyOSprojects/myTime/features/daysmatter/src/main/ets/view/RefreshLayout.ets"},{"time":"2024-11-06T13:38:07.281Z","category":"etsTransform","level":"warn","msg":"\u001b[33mArkTS:WARN File: E:/HarmonyOSprojects/myTime/features/daysmatter/src/main/ets/view/NewsList.ets:89:55\n The regular property 'new CustomRefreshLoadLayoutClass(true,\r\n      $r('app.media.ic_pull_up_load'), $r('app.string.pull_up_load_text'), this.newsModel.pullDownRefreshHeight)' cannot be assigned to the @ObjectLink property 'customRefreshLoadClass'.","type":"plugin_log"},{"time":"2024-11-06T13:38:07.281Z","category":"etsTransform","level":"warn","msg":"\u001b[33mArkTS:WARN File: E:/HarmonyOSprojects/myTime/features/daysmatter/src/main/ets/view/NewsList.ets:97:31\n The regular property 'new CustomRefreshLoadLayoutClass(this.newsModel.isVisiblePullDown, this.newsModel.pullDownRefreshImage,\r\n            this.newsModel.pullDownRefreshText, this.newsModel.pullDownRefreshHeight)' cannot be assigned to the @ObjectLink property 'refreshLayoutClass'.","type":"plugin_log"},{"time":"2024-11-06T13:38:07.281Z","category":"etsTransform","level":"warn","msg":"\u001b[33mArkTS:WARN File: E:/HarmonyOSprojects/myTime/features/daysmatter/src/main/ets/view/NewsList.ets:104:11\n Property 'newsData' is private and can not be initialized through the component constructor.","type":"plugin_log"},{"time":"2024-11-06T13:38:07.281Z","category":"etsTransform","level":"warn","msg":"\u001b[33mArkTS:WARN File: E:/HarmonyOSprojects/myTime/features/daysmatter/src/main/ets/view/NewsList.ets:115:34\n The regular property 'new CustomRefreshLoadLayoutClass(this.newsModel.isVisiblePullUpLoad, this.newsModel.pullUpLoadImage,\r\n              this.newsModel.pullUpLoadText, this.newsModel.pullUpLoadHeight)' cannot be assigned to the @ObjectLink property 'loadMoreLayoutClass'.","type":"plugin_log"}]