{
  "string": [
    {
      "name": "module_desc",
      "value": "module description"
    },
    {
      "name": "ClockAbility_desc",
      "value": "description"
    },
    {
      "name": "ClockAbility_label",
      "value": "my_clock"
    },{
      "name": "page_title",
      "value": "clock"
    },{
      "name": "add_alarm",
      "value": "add an alarm"
    },{
      "name": "input_alarm_time",
      "value": "input alarm time"
    },{
      "name": "alarm_time_reached",
      "value": "alarm time reached"
    },
    {
      "name": "write_success_msg",
      "value": "Set alarm successfully!"
    },
    {
      "name": "empty",
      "value": "empty"
    },
    {
      "name": "time_text",
      "value": "Time"
    },
    {
      "name": "time_placeholder",
      "value": "13:00"
    },
    {
      "name": "matter_text",
      "value": "Matter"
    },
    {
      "name": "matter_placeholder",
      "value": "take a nap"
    },
    {
      "name": "write_data_btn_text",
      "value": "Write DB"
    },
    {
      "name": "read_data_btn_text",
      "value": "Read DB"
    },
    {
      "name": "delete_data_file_btn_text",
      "value": "Delete DB File"
    },
    {
      "name": "delete_success_msg",
      "value": "Delete alarm successfully!"
    },
    {
      "name": "data_is_null_msg",
      "value": "Data is empty, please write data first!"
    },
    {
      "name": "read_success_msg",
      "value": "Read data successfully!"
    },
    {
      "name": "clock_input_null_msg",
      "value": "Clock time or clock matter is empty, please write data first!"
    }
  ]
}