{"deviceType":"tablet","checkEntry":"true","localPropertiesPath":"E:\\HarmonyOSprojects\\myTime\\local.properties","Path":"E:\\devecostudio-windows-5.0.3.906\\DevEco Studio\\tools\\node\\","note":"false","aceProfilePath":"E:\\HarmonyOSprojects\\myTime\\app\\entry\\.preview\\default\\intermediates\\res\\default\\resources\\base\\profile","isPreview":"true","hapMode":"false","buildMode":"debug","img2bin":"true","projectProfilePath":"E:\\HarmonyOSprojects\\myTime\\build-profile.json5","watchMode":"true","appResource":"E:\\HarmonyOSprojects\\myTime\\app\\entry\\.preview\\default\\intermediates\\res\\default\\ResourceTable.txt","logLevel":"3","stageRouterConfig":{"contents":["{\"module\":{\"pages\":\"$profile:main_pages\",\"name\":\"entry\"}}","{\"src\":[\"pages/Index\"]}"],"paths":["E:\\HarmonyOSprojects\\myTime\\app\\entry\\.preview\\default\\intermediates\\res\\default\\module.json","E:\\HarmonyOSprojects\\myTime\\app\\entry\\.preview\\default\\intermediates\\res\\default\\resources\\base\\profile\\main_pages.json"]},"port":"29900","aceBuildJson":"E:\\HarmonyOSprojects\\myTime\\app\\entry\\.preview\\default\\intermediates\\loader\\default\\loader.json","aceModuleRoot":"E:\\HarmonyOSprojects\\myTime\\app\\entry\\src\\main\\ets","aceSoPath":"E:\\HarmonyOSprojects\\myTime\\app\\entry\\.preview\\cache\\nativeDependencies.txt","cachePath":"E:\\HarmonyOSprojects\\myTime\\app\\entry\\.preview\\cache\\.default","aceModuleBuild":"E:\\HarmonyOSprojects\\myTime\\app\\entry\\.preview\\default\\intermediates\\assets\\default\\ets","aceModuleJsonPath":"E:\\HarmonyOSprojects\\myTime\\app\\entry\\.preview\\default\\intermediates\\res\\default\\module.json"}