{
  "HVIGOR_OHOS_PLUGIN": {
    "MODULES": [
      {
        "MODULE_NAME": "1043bfc77febe75fafec0c4309faccf1",
        "API_TYPE": "stageMode"
      },
      {
        "MODULE_NAME": "05531b19bb846b18c09f979eeb429ad3",
        "API_TYPE": "stageMode"
      },
      {
        "MODULE_NAME": "d02b1de6abd5eb4744ea601780461681",
        "API_TYPE": "stageMode"
      },
      {
        "MODULE_NAME": "aab92e69374e4c7b8c6741fe02e574b9",
        "API_TYPE": "stageMode"
      }
    ],
    "BUILD_MODE": "debug"
  },
  "HVIGOR": {
    "IS_INCREMENTAL": true,
    "IS_DAEMON": true,
    "IS_PARALLEL": true,
    "IS_HVIGORFILE_TYPE_CHECK": false,
    "TASK_TIME": {
      "1043bfc77febe75fafec0c4309faccf1": {
        "PreCheckSyscap": 379800,
        "GeneratePkgContextInfo": 3569500,
        "ProcessRouterMap": 6785700,
        "CreateBuildProfile": 3478200,
        "MergeProfile": 13382400,
        "GenerateLoaderJson": 17916600,
        "ProcessProfile": 201270700,
        "PreviewProcessResource": 5096300,
        "PreviewCompileResource": 366145700,
        "PreviewHookCompileResource": 453400,
        "CopyPreviewProfile": 4865200,
        "ReplacePreviewerPage": 467700,
        "buildPreviewerResource": 239500,
        "PreviewUpdateAssets": 2839500,
        "PreviewArkTS": 9704134300,
        "PreviewBuild": 204300
      },
      "05531b19bb846b18c09f979eeb429ad3": {
        "MergeProfile": 5139400
      },
      "d02b1de6abd5eb4744ea601780461681": {
        "MergeProfile": 3515200
      },
      "aab92e69374e4c7b8c6741fe02e574b9": {
        "MergeProfile": 3304800
      }
    },
    "TOTAL_TIME": 10684554800,
    "BUILD_ID": "202411062137581550"
  }
}